filename, abnormal, mati, normal, normal pembusukan
Benih_TidakUnggul-56-_jpg.rf.2c2072e6a87e9e8d8a2c58e240065dbc.jpg, 0, 1, 0, 0
Benih_TidakUnggul-28-_jpg.rf.2a701b221700f2f9211f4944e265ccde.jpg, 0, 1, 0, 0
Benih_TidakUnggul-4-_jpg.rf.2f795abbc2f72c20b0466e8ddc2cb6fd.jpg, 0, 1, 0, 0
DSC_0921_JPG.rf.2b0c79d37c26add44b413c2dcb1ed2ef.jpg, 1, 0, 0, 0
Benih_TidakUnggul-18-_jpg.rf.2acb1622885fdb926a0090eb1459d976.jpg, 0, 1, 0, 0
DSC_0330_JPG.rf.2b7ae50db52b31056e3e315ee4b475f6.jpg, 0, 0, 1, 0
DSC_0827_JPG.rf.2d578f0dbed4af57897f0b844b0567d6.jpg, 0, 0, 0, 1
Benih_TidakUnggul-71-_jpg.rf.2b5b3998027c118f0d0e1995d23a7630.jpg, 0, 1, 0, 0
DSC_0838_JPG.rf.2c251b82cd5f80fb1f1db66cd76079ea.jpg, 0, 0, 0, 1
DSC_0434_JPG.rf.2b4923a390ed6d31a014b43f19300a05.jpg, 1, 0, 0, 0
DSC_0899_JPG.rf.2de15e13bed1371e296078c447ced6e6.jpg, 1, 0, 0, 0
DSC_0887_JPG.rf.2c414222ba292394c113fe4ba4adc782.jpg, 1, 0, 0, 0
DSC_0949_JPG.rf.2c2660795fac977ac558782d68b77ddd.jpg, 1, 0, 0, 0
DSC_0318_JPG.rf.2b79eabcaf88747e5a49d1fe20b27225.jpg, 0, 0, 1, 0
DSC_0279_JPG.rf.2c21cb5ebf1631ca84d089be5f118db5.jpg, 0, 0, 1, 0
DSC_0460_JPG.rf.2f100ca1bcc710e5c867e43c82d67e93.jpg, 1, 0, 0, 0
DSC_0915_JPG.rf.2d58ed054aa9b59c198a3698d7e7a3c4.jpg, 0, 0, 1, 0
DSC_0349_JPG.rf.2eb8f9e0b8fcfd185a00be694ec06a7e.jpg, 0, 0, 1, 0
DSC_0464_JPG.rf.2ad9dcd151d3da535772db7dd298bb70.jpg, 1, 0, 0, 0
DSC_0317_JPG.rf.300558e35e50aaeda6a6d014d3e9d741.jpg, 0, 0, 1, 0
DSC_0940_JPG.rf.2e711e5d18e226bdf70eda5306470e59.jpg, 0, 1, 0, 0
DSC_0376_JPG.rf.2ef84be4ac58ecd8efdeebd667d9e8e7.jpg, 0, 0, 1, 0
DSC_0282_JPG.rf.2bac7d0819a7c3cc193bde107d72f181.jpg, 0, 0, 1, 0
DSC_0635_JPG.rf.30b9ea99c08ea71b233749d920af2e7d.jpg, 0, 0, 0, 1
DSC_0204_JPG.rf.309853f3e320f7ebc597fc21edf7d476.jpg, 0, 0, 1, 0
DSC_0189_JPG.rf.30b7d02bf32f3c734899d68feae72f5d.jpg, 0, 0, 1, 0
DSC_0137_JPG.rf.2c3a8c7cba4e6f781bfaaf046fb21f4f.jpg, 0, 0, 1, 0
DSC_0898_JPG.rf.2b1f9541cf3af337c34aa32dc80220e5.jpg, 1, 0, 0, 0
Benih_TidakUnggul-68-_jpg.rf.2c98bd88d5ba0ba61a1e2ca5ec0bf76c.jpg, 0, 1, 0, 0
Benih_TidakUnggul-69-_jpg.rf.3113ab5f03d44980264c1f0a731231e3.jpg, 0, 1, 0, 0
DSC_0860_JPG.rf.311e38c16af2a33d4bbb806086587973.jpg, 0, 0, 0, 1
DSC_0879_JPG.rf.3210792499ce994ce1fa383c3786148f.jpg, 1, 0, 0, 0
DSC_0913_JPG.rf.32047f58b752527e27c8a1f72393922f.jpg, 1, 0, 0, 0
DSC_0626_JPG.rf.3227030cb5e2c2a0f2a2e509bbd7cccf.jpg, 0, 0, 0, 1
DSC_0278_JPG.rf.3266d2154f9decaccd5628b63e2943b1.jpg, 0, 0, 1, 0
DSC_0191_JPG.rf.32154b9582b50761654fd3bd250261eb.jpg, 0, 0, 1, 0
Benih_TidakUnggul-10-_jpg.rf.32e19bfcfcba0080fbd99f3ab0b004cc.jpg, 0, 1, 0, 0
DSC_0454_JPG.rf.326cc9cab980dcbbf15eccacdaea4039.jpg, 1, 0, 0, 0
DSC_0137_JPG.rf.331003faa2c0794b27cc30ee01bf1919.jpg, 0, 0, 1, 0
Benih_TidakUnggul-72-_jpg.rf.33581e839441aa10d101648e735adce9.jpg, 0, 1, 0, 0
Benih_TidakUnggul-35-_jpg.rf.3456d4119b905c83804a8a9917e77a4e.jpg, 0, 1, 0, 0
DSC_0399_JPG.rf.33b26a2c62bfd62e5834a54ccc6744b1.jpg, 1, 0, 0, 0
DSC_0401_JPG.rf.347db47ee1256f28ad5253cea95c56ee.jpg, 1, 0, 0, 0
Benih_TidakUnggul-53-_jpg.rf.33f0768bd6f2632660fe6eabd42637b0.jpg, 0, 1, 0, 0
DSC_0334_JPG.rf.343d7335c03b415e314b41b492554f4c.jpg, 0, 0, 1, 0
DSC_0956_JPG.rf.3480eb780b405a2fb83ebe0e67f91929.jpg, 1, 0, 0, 0
DSC_0642_JPG.rf.357248f9b24a5d02adb87892623b05a3.jpg, 0, 0, 0, 1
DSC_0853_JPG.rf.35cb1904402a583c2a00f70a73688e51.jpg, 0, 0, 0, 1
DSC_0437_JPG.rf.35de4131b8564c6d1c36b7362e75aa15.jpg, 1, 0, 0, 0
DSC_0943_JPG.rf.36017fbce00386b3e20dfa18a5e6603d.jpg, 0, 1, 0, 0
DSC_0616_JPG.rf.362f52d0251c5747dcc2b2ca829502eb.jpg, 0, 0, 0, 1
DSC_0423_JPG.rf.3658c83b39dfd7336d2e355476b446ff.jpg, 1, 0, 0, 0
Benih_TidakUnggul-10-_jpg.rf.36ecf477917f80e79df8e173cd3922dc.jpg, 0, 1, 0, 0
DSC_0955_JPG.rf.3724a288514e533a1c4a9125b710aba1.jpg, 1, 0, 0, 0
DSC_0298_JPG.rf.36ce964af9c7c8c8e38e1c79016a7000.jpg, 0, 0, 1, 0
DSC_0928_JPG.rf.3711be25171f827c6a7a3b48e8ebce8e.jpg, 1, 0, 0, 0
DSC_0130_JPG.rf.36cf57940bf71ec665eb77cb08cf1dac.jpg, 0, 0, 1, 0
Benih_TidakUnggul-88-_jpg.rf.37c23d29af517a852dea6b4a89f79158.jpg, 0, 1, 0, 0
Benih_TidakUnggul-81-_jpg.rf.378ebe84b8ac7ea4ca04c3f2615e2dec.jpg, 0, 1, 0, 0
DSC_0322_JPG.rf.383c80600c3e1f83e237a03486a39046.jpg, 0, 0, 1, 0
DSC_0191_JPG.rf.382b6097d2bc6935a6ab803e938c63b6.jpg, 0, 0, 1, 0
DSC_0250_JPG.rf.39560ff3cac67e1ce98c40c56331357f.jpg, 0, 0, 1, 0
DSC_0127_JPG.rf.399d695290b00c02f22afa45783610fc.jpg, 0, 0, 1, 0
DSC_0229_JPG.rf.385fd56e12c2add4602e8a89e0b19f94.jpg, 0, 0, 1, 0
DSC_0334_JPG.rf.39515434678170bd3425cd750e5c7943.jpg, 0, 0, 1, 0
DSC_0372_JPG.rf.3ad3ddcc92be59dd96c794910a0566dd.jpg, 0, 0, 1, 0
DSC_0535_JPG.rf.3a5a3de33aab3f7abe8dda3a5bcf1363.jpg, 0, 0, 1, 0
DSC_0230_JPG.rf.3af6b2de8893adf2d8dbe4ce11248aa1.jpg, 0, 0, 1, 0
DSC_0605_JPG.rf.38d1762ab75f6d0794de3b2404fff61f.jpg, 0, 0, 0, 1
DSC_0349_JPG.rf.3b44f7ad3f969eb598efc49f9813b05f.jpg, 0, 0, 1, 0
DSC_0938_JPG.rf.3b4cc37bfda10b3940792237446b957f.jpg, 0, 1, 0, 0
DSC_0954_JPG.rf.3b2d469a327969a00a73cbf2030892e2.jpg, 1, 0, 0, 0
DSC_0459_JPG.rf.3aebdf6076e1b673863f5ae58ee1b940.jpg, 1, 0, 0, 0
DSC_0613_JPG.rf.3c2e92906b2968d3db15f5b7f11b7c64.jpg, 0, 0, 0, 1
DSC_0308_JPG.rf.3b79f4f3ebb90ce59c3afcc4ddd948ab.jpg, 0, 0, 1, 0
DSC_0320_JPG.rf.3c6cccaee5931ef9a9fde7dee3fb7d9b.jpg, 0, 0, 1, 0
DSC_0486_JPG.rf.3d5db13cd2b1fda9929cb83aa97dfaa4.jpg, 0, 1, 0, 0
Benih_TidakUnggul-25-_jpg.rf.3b55a29b7a49e6e0076b5f246f79b6af.jpg, 0, 1, 0, 0
Benih_TidakUnggul-5-_jpg.rf.3e08a968fb86105f7b2883bc51e67942.jpg, 0, 1, 0, 0
DSC_0627_JPG.rf.3e2706f8188def6c78851ae60f842a0f.jpg, 0, 0, 0, 1
DSC_0349_JPG.rf.3e1dd1f5ea58f73be3c80891c61e04e8.jpg, 0, 0, 1, 0
DSC_0878_JPG.rf.3d0f022e14817cb2ae6631144cbe5479.jpg, 1, 0, 0, 0
DSC_0953_JPG.rf.3e68997eb7a152f20b9ec96af67b2716.jpg, 1, 0, 0, 0
DSC_0924_JPG.rf.3f1614745d83493c64b53accc96afeef.jpg, 1, 0, 0, 0
DSC_0639_JPG.rf.3ed477b877529f426ed1e9cc78af9a4a.jpg, 0, 0, 0, 1
DSC_0333_JPG.rf.3f51474fb96277d8dccc13ed3dab1c72.jpg, 0, 0, 1, 0
DSC_0912_JPG.rf.3fd7ea9341696d62890554e3c8a69c74.jpg, 1, 0, 0, 0
DSC_0894_JPG.rf.3fd18e6bed01b07087d5f640d009c0d6.jpg, 1, 0, 0, 0
DSC_0444_JPG.rf.3fc835d0647604bf4530e688cbfb7a15.jpg, 1, 0, 0, 0
DSC_0627_JPG.rf.406583ebbab04ada09fe861676ff2ecc.jpg, 0, 0, 0, 1
DSC_0886_JPG.rf.40e54eaa481e4b1daf04b0d15ab8006a.jpg, 1, 0, 0, 0
DSC_0948_JPG.rf.41cd10b8e48fe6f47a8fd4d39f17ff94.jpg, 0, 1, 0, 0
DSC_0329_JPG.rf.3fe0a8d3cea7dab920483fd6465822ce.jpg, 0, 0, 1, 0
DSC_0222_JPG.rf.41f8b436fe4403cbe1620cd45e8211f3.jpg, 0, 0, 1, 0
Benih_TidakUnggul-57-_jpg.rf.41d9b21d3244a75343ddfd6d94840d1a.jpg, 0, 1, 0, 0
DSC_0122_JPG.rf.424b3678938e63b590a61b6d2a9c89db.jpg, 0, 0, 1, 0
Benih_TidakUnggul-98-_jpg.rf.41e5ec7e5fb976884251c55cb6456452.jpg, 0, 1, 0, 0
DSC_0954_JPG.rf.42e2b6a11f6db209c7540560f6190c48.jpg, 1, 0, 0, 0
DSC_0840_JPG.rf.42cef5503415a6efac5cd0f985f4d747.jpg, 0, 0, 0, 1
DSC_0817_JPG.rf.4305a503273abe9cd92f7ce98074ec67.jpg, 0, 0, 0, 1
DSC_0821_JPG.rf.4256ce15edd939a30ce71858e887664a.jpg, 0, 0, 0, 1
DSC_0617_JPG.rf.4320c3f96d30015bdb82a4c0e1eed331.jpg, 0, 0, 0, 1
Benih_TidakUnggul-63-_jpg.rf.438c628bf66839b8c06f05d27ca2c48c.jpg, 0, 1, 0, 0
DSC_0822_JPG.rf.435fb665fc6a82f36064604a95b33b84.jpg, 0, 0, 0, 1
Benih_TidakUnggul-74-_jpg.rf.43b719d61ac9792b7255187ae9392c6f.jpg, 0, 1, 0, 0
DSC_0872_JPG.rf.44137c2978e6adee1acd29d28a629d99.jpg, 1, 0, 0, 0
Benih_TidakUnggul-94-_jpg.rf.4428813df2fd5533fbe4a060477cb634.jpg, 0, 1, 0, 0
DSC_0876_JPG.rf.4435a6535b4c3f876753671e899da013.jpg, 1, 0, 0, 0
DSC_0885_JPG.rf.443313f916ae09132d7cf8610e3b2f37.jpg, 1, 0, 0, 0
Benih_TidakUnggul-45-_jpg.rf.448adda5517abe78ac4a0af060a05a38.jpg, 0, 1, 0, 0
DSC_0858_JPG.rf.432c5b0311f336d71e2a95fb9f191a91.jpg, 0, 0, 0, 1
DSC_0928_JPG.rf.45b78ef0f960c8b948d6ccca3a63239b.jpg, 1, 0, 0, 0
DSC_0831_JPG.rf.462d45e34d7c874cb91ea32e7cfd7acd.jpg, 0, 0, 0, 1
DSC_0955_JPG.rf.45135f77c5e3db5369acc94017d403c8.jpg, 1, 0, 0, 0
Benih_TidakUnggul-66-_jpg.rf.445a7413fd667d0c32ee386655e380da.jpg, 0, 1, 0, 0
DSC_0412_JPG.rf.45f0d4c9a38674fa97acd3b1a728699b.jpg, 1, 0, 0, 0
Benih_TidakUnggul-100-_jpg.rf.460106096188deb6a436427dda2c8c01.jpg, 0, 1, 0, 0
DSC_0611_JPG.rf.462d96f924c41bcf4fbcee0b5e23c193.jpg, 0, 0, 0, 1
DSC_0921_JPG.rf.464c0be16e8a8921a9ae40615a1643b8.jpg, 1, 0, 0, 0
DSC_0816_JPG.rf.4671839893ef59c9e6dbb856350e54de.jpg, 0, 0, 0, 1
Benih_TidakUnggul-81-_jpg.rf.46ba1a3c9d684f370e67659c05eb2d84.jpg, 0, 1, 0, 0
Benih_TidakUnggul-37-_jpg.rf.4702473b9b253b3706901048ea946fa7.jpg, 0, 1, 0, 0
DSC_0448_JPG.rf.469ba1890e1f5b4dfe32ae3d02791e9d.jpg, 1, 0, 0, 0
DSC_0438_JPG.rf.46cbaa01037837e1ae809cf49b0c9ef8.jpg, 1, 0, 0, 0
Benih_TidakUnggul-100-_jpg.rf.46f52aaeaace5f3b34fbf1067fa47bfc.jpg, 0, 1, 0, 0
Benih_TidakUnggul-9-_jpg.rf.474329b99087fc0adc3a3aec8e7b764f.jpg, 0, 1, 0, 0
DSC_0145_JPG.rf.483be314d3da8c7d8a9d01f478ed72e9.jpg, 0, 0, 1, 0
DSC_0623_JPG.rf.4837d32e59435fc6e69aace42aba5db1.jpg, 0, 0, 0, 1
Benih_TidakUnggul-88-_jpg.rf.47c178342ff78d9a0cfae922f54fbf1a.jpg, 0, 1, 0, 0
DSC_0425_JPG.rf.48629195c606f402538be7cfa8155e7e.jpg, 1, 0, 0, 0
DSC_0882_JPG.rf.48bc2dc50b0d0cc61df8aa0bf5b259c5.jpg, 1, 0, 0, 0
DSC_0373_JPG.rf.48d08972eed261b835d173118a7f1c12.jpg, 0, 0, 1, 0
DSC_0828_JPG.rf.48d6ebabdd35496e037bc98f9d5e48c5.jpg, 0, 0, 0, 1
DSC_0477_JPG.rf.48cbc4af57e375e76012750bff80b5fe.jpg, 1, 0, 0, 0
DSC_0918_JPG.rf.4885afd38277edb5901412fc063aa95f.jpg, 1, 0, 0, 0
DSC_0605_JPG.rf.49ace4e10a063f395db2ca66cd86abdb.jpg, 0, 0, 0, 1
DSC_0876_JPG.rf.48faf8070702ff121fdfd928ecd3aba1.jpg, 1, 0, 0, 0
Benih_TidakUnggul-61-_jpg.rf.4a5378616dc85433492abe02c30ceaff.jpg, 0, 1, 0, 0
DSC_0333_JPG.rf.4b246cbc3fdfe6d3c80651895b008b6b.jpg, 0, 0, 1, 0
DSC_0955_JPG.rf.4b697d8115b4b6bfa705a96090e2df1e.jpg, 1, 0, 0, 0
DSC_0897_JPG.rf.4b261a5dfeb76462ed78ca379dce16d6.jpg, 1, 0, 0, 0
DSC_0314_JPG.rf.4b2d90e0b8dc136cdb92ed934ab89a9f.jpg, 0, 0, 1, 0
DSC_0638_JPG.rf.4a980fecd9da72b718660b1619ea8cd7.jpg, 0, 0, 0, 1
DSC_0458_JPG.rf.4c35fcf1777bdd369445cc3643411149.jpg, 1, 0, 0, 0
DSC_0612_JPG.rf.4c4b065e62ac7441b2bd73e653e1dd58.jpg, 0, 0, 0, 1
DSC_0123_JPG.rf.4cb71756ff8d8af599597080d93fa1e6.jpg, 0, 0, 1, 0
DSC_0466_JPG.rf.4c2599a8647b6234ca4d08b2c2cc8360.jpg, 1, 0, 0, 0
DSC_0863_JPG.rf.4c68fc1ffcadac239aa5a510ba87f1e3.jpg, 0, 0, 0, 1
DSC_0921_JPG.rf.4d8ac6522ed630228954d0ea80c8396d.jpg, 1, 0, 0, 0
DSC_0289_JPG.rf.4c3193e31880ffd2d206e1e28b30b9b5.jpg, 0, 0, 1, 0
Benih_TidakUnggul-82-_jpg.rf.4dd64f9e086a33fbea4f1ff7993b6501.jpg, 0, 1, 0, 0
DSC_0433_JPG.rf.4d9de703417db081c5b36888a3b746ff.jpg, 1, 0, 0, 0
DSC_0903_JPG.rf.4e4a5220f6a886f978fd2e3c3a3506b1.jpg, 1, 0, 0, 0
DSC_0899_JPG.rf.4e5a69292a8434bb97de141e7f0a0c0b.jpg, 1, 0, 0, 0
DSC_0145_JPG.rf.4e6fc1f5de6b829e077b8111d0d0cbbd.jpg, 0, 0, 1, 0
Benih_TidakUnggul-14-_jpg.rf.4edb5ae2a3d82b9ab24df39495f71249.jpg, 0, 1, 0, 0
DSC_0845_JPG.rf.4f41d49b1e63792fa2bf1916d69ddaa4.jpg, 0, 0, 0, 1
DSC_0230_JPG.rf.4efe5ad996a5e8e591c20ddb0ac04c4c.jpg, 0, 0, 1, 0
DSC_0194_JPG.rf.4f4a7b573cb168539fd40f669b883a27.jpg, 0, 0, 1, 0
DSC_0874_JPG.rf.4fe43c17b19e2ed7961d6336cbea431c.jpg, 1, 0, 0, 0
DSC_0909_JPG.rf.4f81d880e5822d8ccbf0c8c20d5fa4ab.jpg, 1, 0, 0, 0
DSC_0279_JPG.rf.50058411e43590bb8d908c4b3cfb0b60.jpg, 0, 0, 1, 0
DSC_0833_JPG.rf.519b46c2c2fc4bf54a420d4c0f799342.jpg, 0, 0, 0, 1
DSC_0633_JPG.rf.51a86ab0083f4f24784e571cd3a14db9.jpg, 0, 0, 0, 1
DSC_0219_JPG.rf.51b1d3070e35e6860a13901b1358016f.jpg, 0, 0, 1, 0
DSC_0436_JPG.rf.5004960f37127ec6b74b8477c25cfab8.jpg, 1, 0, 0, 0
DSC_0414_JPG.rf.50888ad484200dff4f248247b90e4800.jpg, 1, 0, 0, 0
DSC_0878_JPG.rf.5256aa7d3f1a9447da88cc88974c699f.jpg, 1, 0, 0, 0
DSC_0867_JPG.rf.51cb8402139d8e3c3ceca34314bba385.jpg, 1, 0, 0, 0
DSC_0232_JPG.rf.5280cbc5ac1d01047e99153344b43160.jpg, 0, 0, 1, 0
DSC_0886_JPG.rf.52a762855647133121b02ff384bab5bd.jpg, 1, 0, 0, 0
DSC_0412_JPG.rf.51465466939a8be4ae6424042ea93910.jpg, 1, 0, 0, 0
DSC_0855_JPG.rf.5260b3cda6bb75acdeacbb412998fd6b.jpg, 0, 0, 0, 1
DSC_0294_JPG.rf.5243d6614cea3735571c92a8b49a3b0a.jpg, 0, 0, 1, 0
DSC_0409_JPG.rf.52ed3154dfe11d8d47c1581f82197355.jpg, 1, 0, 0, 0
Benih_TidakUnggul-73-_jpg.rf.52fe0d19b0273f64577856d55126b517.jpg, 0, 1, 0, 0
Benih_TidakUnggul-54-_jpg.rf.53e0f6032b728d02cde6cdb830430404.jpg, 0, 1, 0, 0
DSC_0338_JPG.rf.538752235b9640fae79fec75d92b26ea.jpg, 0, 0, 1, 0
DSC_0880_JPG.rf.52c78498151003534d7647026cc9ec69.jpg, 1, 0, 0, 0
DSC_0857_JPG.rf.54aaed6da080e474b8ef222720857d81.jpg, 0, 0, 0, 1
DSC_0232_JPG.rf.525ed1607798059a4da8829720fa3f1d.jpg, 0, 0, 1, 0
DSC_0324_JPG.rf.5515c7fe55cc167185e9a83bbf0f620a.jpg, 0, 0, 1, 0
DSC_0455_JPG.rf.5627d339af48bcde88a8371c129becbd.jpg, 1, 0, 0, 0
Benih_TidakUnggul-55-_jpg.rf.557021137de4939592f25d87eb372911.jpg, 0, 1, 0, 0
DSC_0446_JPG.rf.56c7d75619deefb981dcb30621e5a65b.jpg, 1, 0, 0, 0
DSC_0612_JPG.rf.56d41d2603a5ab34e0b83217a86b9b9f.jpg, 0, 0, 0, 1
DSC_0466_JPG.rf.5607001ca36af9a0a0044d66cad32d54.jpg, 1, 0, 0, 0
DSC_0440_JPG.rf.56f3668f7793adc60c1ebf4e68f18c87.jpg, 1, 0, 0, 0
Benih_TidakUnggul-58-_jpg.rf.570d541d596421c55b958de8bcbb6637.jpg, 0, 1, 0, 0
DSC_0484_JPG.rf.58156f4297473d6adeb33982ca4b8fd2.jpg, 0, 1, 0, 0
DSC_0448_JPG.rf.5817d063042e94535963bf4dbf3583e2.jpg, 1, 0, 0, 0
Benih_TidakUnggul-32-_jpg.rf.57d8d664011a3a88ef70da44b98d3fe0.jpg, 0, 1, 0, 0
DSC_0639_JPG.rf.58224d06809471790fa7fd8330aa2ccf.jpg, 0, 0, 0, 1
Benih_TidakUnggul-12-_jpg.rf.5834cd97087bd8889e39c9c96b0f2398.jpg, 0, 1, 0, 0
Benih_TidakUnggul-18-_jpg.rf.5718f6f53865294af9952825d59643d6.jpg, 0, 1, 0, 0
Benih_TidakUnggul-98-_jpg.rf.587b6cb53f3190b31855c2d0f3ccbe9d.jpg, 0, 1, 0, 0
Benih_TidakUnggul-15-_jpg.rf.585e48eecb841d9c6fa15e1925e29662.jpg, 0, 1, 0, 0
DSC_0940_JPG.rf.5839777b5fe7283ed51e49b154193c73.jpg, 0, 1, 0, 0
DSC_0889_JPG.rf.592e42e1141de1ccb6f1574d093ee245.jpg, 1, 0, 0, 0
Benih_TidakUnggul-99-_jpg.rf.58d728f29c6f9eaf28a7137ab69029b3.jpg, 0, 1, 0, 0
DSC_0856_JPG.rf.5a2f4ee9233230ac170634f7d2f2814e.jpg, 0, 0, 0, 1
DSC_0940_JPG.rf.5a94554ce6064dd6e8318a6692612a5b.jpg, 0, 1, 0, 0
DSC_0917_JPG.rf.5974567b0caeb4ce910dd45e1e824c20.jpg, 1, 0, 0, 0
DSC_0908_JPG.rf.58af0e65093e4cea12cc033ccec38407.jpg, 1, 0, 0, 0
DSC_0278_JPG.rf.5be6809a50e8d9c7951e67e5b6dfb4c9.jpg, 0, 0, 1, 0
DSC_0857_JPG.rf.5af6673957fb9cd1c15588877356fbd9.jpg, 0, 0, 0, 1
Benih_TidakUnggul-59-_jpg.rf.5ade73c7fbce787b01020158e88913fc.jpg, 0, 1, 0, 0
Benih_TidakUnggul-35-_jpg.rf.5c54d18197e739267e07f50881130cbb.jpg, 0, 1, 0, 0
Benih_TidakUnggul-69-_jpg.rf.5c133739ec288d6bf122c1860869acaa.jpg, 0, 1, 0, 0
DSC_0825_JPG.rf.5b22e57aa871fbf7c131f5d631481f91.jpg, 0, 0, 0, 1
DSC_0223_JPG.rf.5a7860ad184e091a750fe4aeb4596834.jpg, 0, 0, 1, 0
Benih_TidakUnggul-15-_jpg.rf.5c9e9675b91ff689f4bdfcdcf84398d5.jpg, 0, 1, 0, 0
DSC_0924_JPG.rf.5ca9f1c04efe539d47700c61c63e3458.jpg, 1, 0, 0, 0
DSC_0127_JPG.rf.5d50a810f082092d43d2a8414044bcc2.jpg, 0, 0, 1, 0
DSC_0405_JPG.rf.5c66469196068dc001e183b53e5aa54e.jpg, 1, 0, 0, 0
DSC_0618_JPG.rf.5d4e41eabba39a62f9b5c24c7c036420.jpg, 0, 0, 0, 1
DSC_0527_JPG.rf.5d90dbc58ada19b1c217869ef7b098e6.jpg, 0, 0, 1, 0
DSC_0392_JPG.rf.5cd0f0ed397233230ed27860ab06d76e.jpg, 1, 0, 0, 0
DSC_0451_JPG.rf.5d93dc223b0b9ab8d9b47bd41acacb4f.jpg, 1, 0, 0, 0
DSC_0409_JPG.rf.5dac6c70bcc4a52471386ecf94dc116a.jpg, 1, 0, 0, 0
DSC_0315_JPG.rf.5e05913b29df2292d3e405079f86f0ea.jpg, 0, 0, 1, 0
DSC_0125_JPG.rf.5e308c8758a03252c2e3f38fb23d6a47.jpg, 0, 0, 1, 0
Benih_TidakUnggul-2-_jpg.rf.5ec45aca5b22d0023cfabb00f21ccdeb.jpg, 0, 1, 0, 0
Benih_TidakUnggul-17-_jpg.rf.5e82c101ad8537c4e2f57e65bef71667.jpg, 0, 1, 0, 0
DSC_0355_JPG.rf.5e8b5949b7e5f30c84886100e4416689.jpg, 0, 0, 1, 0
DSC_0849_JPG.rf.5ef744a788a0ae859e205c516388b998.jpg, 0, 0, 0, 1
Benih_TidakUnggul-29-_jpg.rf.5f0962509b41b05eafc04a3e34740a44.jpg, 0, 1, 0, 0
DSC_0866_JPG.rf.606326f8b6b8cc9e8ad9c82a9c7488f4.jpg, 1, 0, 0, 0
DSC_0363_JPG.rf.614044f75c10901a8ba078dc6df175ed.jpg, 0, 0, 1, 0
DSC_0471_JPG.rf.61fd30ebd526c916db00c6e3068f8f7c.jpg, 1, 0, 0, 0
DSC_0854_JPG.rf.61cb3438a79fc3aa5333219bc2b8463c.jpg, 0, 0, 0, 1
DSC_0365_JPG.rf.5f5abc55fb2c66c7d3eda4e5f4658192.jpg, 0, 0, 1, 0
DSC_0894_JPG.rf.62642e88652d64a2784221d0ce003872.jpg, 1, 0, 0, 0
DSC_0436_JPG.rf.61f64af09cf5fcfb85261cb011064f44.jpg, 1, 0, 0, 0
DSC_0841_JPG.rf.630d05a1a9ef73c6692f83f6805aacc1.jpg, 0, 0, 0, 1
DSC_0635_JPG.rf.62d7c80f4064b336226d3ecae73fc0a6.jpg, 0, 0, 0, 1
DSC_0878_JPG.rf.62b4f9e48ce1c154a2a5b34bd35c9297.jpg, 1, 0, 0, 0
DSC_0286_JPG.rf.6357d9a702c13426e6e41398e4ebda0e.jpg, 0, 0, 1, 0
DSC_0480_JPG.rf.6428153e448d8e6c992d8100dfe860ac.jpg, 1, 0, 0, 0
Benih_TidakUnggul-80-_jpg.rf.62b5867baf678b64ab418477b2af5f97.jpg, 0, 1, 0, 0
DSC_0869_JPG.rf.6304fd05e02531b7c39b7340c680efcd.jpg, 1, 0, 0, 0
DSC_0943_JPG.rf.64421d48a44cb7b0ed1f4410f2b9c614.jpg, 0, 1, 0, 0
DSC_0840_JPG.rf.6443df910e3e47b2e1b838e6295882d8.jpg, 0, 0, 0, 1
Benih_TidakUnggul-98-_jpg.rf.64b48c2f17c7e985c75f7e06c22da783.jpg, 0, 1, 0, 0
DSC_0832_JPG.rf.651e7b4610e4ab611e7f0434f5213727.jpg, 0, 0, 0, 1
DSC_0448_JPG.rf.64f22e43c238ccb6814c290c8ce76aa6.jpg, 1, 0, 0, 0
DSC_0824_JPG.rf.65199fb7a393aba3f83f9dab65e46c91.jpg, 0, 0, 0, 1
DSC_0939_JPG.rf.6583197dbf0d86c16406cb55d2fe90a1.jpg, 0, 1, 0, 0
DSC_0627_JPG.rf.65b165e05f76e588144d8ed974e03783.jpg, 0, 0, 0, 1
DSC_0855_JPG.rf.65c310a8e4170dabee8721091597af0e.jpg, 0, 0, 0, 1
Benih_TidakUnggul-10-_jpg.rf.6793d63891a653bbf01b51128d9845bc.jpg, 0, 1, 0, 0
DSC_0907_JPG.rf.65c89017c340c62c221f1394b9b1565e.jpg, 1, 0, 0, 0
Benih_TidakUnggul-56-_jpg.rf.65ff4eeb70f8d7bb93ca0c68baa19966.jpg, 0, 1, 0, 0
DSC_0624_JPG.rf.6a0edcf6e2534ec6f362246bebb55bec.jpg, 0, 0, 0, 1
Benih_TidakUnggul-64-_jpg.rf.67e46191ad92a59ac483c601c7a1ebcc.jpg, 0, 1, 0, 0
DSC_0322_JPG.rf.65f9087f4d908a3956a59025d04d17a2.jpg, 0, 0, 1, 0
DSC_0434_JPG.rf.69022d0dc434f5eb4852cda30ce37814.jpg, 1, 0, 0, 0
DSC_0617_JPG.rf.6a615b5f210a384a081622e399fd5ac7.jpg, 0, 0, 0, 1
DSC_0893_JPG.rf.6627e15fae81b1cb1ea93adb11c7cab7.jpg, 1, 0, 0, 0
Benih_TidakUnggul-4-_jpg.rf.69ee2950d0d3495297aba33aa19e9552.jpg, 0, 1, 0, 0
DSC_0476_JPG.rf.6aec2cd720058b3154dc59abbb6a1f9c.jpg, 1, 0, 0, 0
DSC_0145_JPG.rf.6b5d9b2f444bc1f0d3c5644c7c1ff47b.jpg, 0, 0, 1, 0
DSC_0470_JPG.rf.668289fccb7526afe3c19af8f17d61a7.jpg, 1, 0, 0, 0
DSC_0318_JPG.rf.66629fa7a640504585dcff78d23fc074.jpg, 0, 0, 1, 0
DSC_0837_JPG.rf.6be8e11491662a971447bc6438c596d0.jpg, 0, 0, 0, 1
DSC_0617_JPG.rf.6b8a71327fbc21d8ca9fe104f3d932a1.jpg, 0, 0, 0, 1
DSC_0194_JPG.rf.68372d96ce5627ea94e91f038a009193.jpg, 0, 0, 1, 0
Benih_TidakUnggul-2-_jpg.rf.68163a7b90f85f8ce838298d1d14e841.jpg, 0, 1, 0, 0
DSC_0286_JPG.rf.662022aa28fdcad8a7c2269112725655.jpg, 0, 0, 1, 0
Benih_TidakUnggul-97-_jpg.rf.6aac17d3d38d0491f5a645fa902e1c0d.jpg, 0, 1, 0, 0
DSC_0415_JPG.rf.6a645031b2bf2b2701692680dd878ac5.jpg, 1, 0, 0, 0
DSC_0472_JPG.rf.68174c66e7f0671a848e436c4b9beeda.jpg, 1, 0, 0, 0
DSC_0430_JPG.rf.682df0efeb07431037e6d7813b553fb6.jpg, 1, 0, 0, 0
DSC_0527_JPG.rf.6bfe4613656a5fc8c7ce54845f8d6471.jpg, 0, 0, 1, 0
DSC_0949_JPG.rf.6bbe545b0324839c1e069d793a3cfd73.jpg, 1, 0, 0, 0
DSC_0423_JPG.rf.6ac86cb5a55ee6e12d5ffc7e41bc7b69.jpg, 1, 0, 0, 0
DSC_0232_JPG.rf.6c51c97cf1448a830d86fa5069d7d848.jpg, 0, 0, 1, 0
Benih_TidakUnggul-92-_jpg.rf.6cabc20a9016e50e498775fcb5d62141.jpg, 0, 1, 0, 0
DSC_0828_JPG.rf.6c8471fa4bd17ea1481e4c1d4cac7ac0.jpg, 0, 0, 0, 1
Benih_TidakUnggul-58-_jpg.rf.6cb398fee2e0e4ccc8cbb0cd7f8ea1f7.jpg, 0, 1, 0, 0
Benih_TidakUnggul-89-_jpg.rf.6d5dbf9245c0e882f60986a13804d5f7.jpg, 0, 1, 0, 0
DSC_0437_JPG.rf.6d6686c97264a3eb877cdd6097311890.jpg, 1, 0, 0, 0
DSC_0348_JPG.rf.6d7e86a9673898b8bbe32a578136e6ed.jpg, 0, 0, 1, 0
DSC_0185_JPG.rf.6d6a7a64b221e759ee9be57612796d79.jpg, 0, 0, 1, 0
DSC_0360_JPG.rf.6dc30848c5882d14424ef58d4abce7fe.jpg, 0, 0, 1, 0
DSC_0618_JPG.rf.6df9f967f3fdbdee97864816e1277c27.jpg, 0, 0, 0, 1
Benih_TidakUnggul-23-_jpg.rf.6cdba39f2da00f4817df87743ff717c1.jpg, 0, 1, 0, 0
DSC_0901_JPG.rf.6e0a9b7f2aacc00d23acab1d700734d8.jpg, 1, 0, 0, 0
DSC_0616_JPG.rf.6e207c33548b508b8cbdfd99e035da34.jpg, 0, 0, 0, 1
DSC_0623_JPG.rf.6e1e8bcb8f5d8d09021f7ab9f155aa09.jpg, 0, 0, 0, 1
Benih_TidakUnggul-29-_jpg.rf.6e8e7c8a99491e255d84848d8f61f52d.jpg, 0, 1, 0, 0
Benih_TidakUnggul-7-_jpg.rf.6e29110c7df87ef9921b740d16b55709.jpg, 0, 1, 0, 0
DSC_0887_JPG.rf.6e6654e6c6106f065ff4861361c461b0.jpg, 1, 0, 0, 0
Benih_TidakUnggul-66-_jpg.rf.6eef2c2d853e03e59169eb81be9d31b7.jpg, 0, 1, 0, 0
DSC_0897_JPG.rf.6f849e15fa9601227f4e66b09a801228.jpg, 1, 0, 0, 0
Benih_TidakUnggul-71-_jpg.rf.6f9575d0ae7dc71fd9a9ae10a104df03.jpg, 0, 1, 0, 0
DSC_0204_JPG.rf.6fa6bd921570a8d149316653c31deb11.jpg, 0, 0, 1, 0
Benih_TidakUnggul-37-_jpg.rf.710de8eec48330d4679c7d8afc762820.jpg, 0, 1, 0, 0
Benih_TidakUnggul-90-_jpg.rf.70ca330bfc878f7bc31a63c1f252f074.jpg, 0, 1, 0, 0
DSC_0306_JPG.rf.713f5eb76cf736e15820e2f9a7c96432.jpg, 0, 0, 1, 0
Benih_TidakUnggul-6-_jpg.rf.71359b8179a79477115449a1d30a1968.jpg, 0, 1, 0, 0
DSC_0403_JPG.rf.729ff7522cb59934b549d960f5e21821.jpg, 1, 0, 0, 0
Benih_TidakUnggul-68-_jpg.rf.70cb3a5b2b090e0b2943b1d59db0d7cd.jpg, 0, 1, 0, 0
DSC_0457_JPG.rf.717c5a6182957880e5aa11cca040a1ba.jpg, 1, 0, 0, 0
DSC_0229_JPG.rf.7249d4d65d40bd417d9328e0970ee091.jpg, 0, 0, 1, 0
DSC_0299_JPG.rf.719fb62ab0f78404dea96ca73da5666a.jpg, 0, 0, 1, 0
DSC_0428_JPG.rf.7286504db411845835e1234f1fee27cd.jpg, 1, 0, 0, 0
DSC_0420_JPG.rf.72c6dedd3e4a8aab20b3796184e23596.jpg, 1, 0, 0, 0
DSC_0432_JPG.rf.72c9a77a2245ec2638bd1ce6481dd729.jpg, 1, 0, 0, 0
DSC_0441_JPG.rf.732361b22d0608f6774aa6a9a05cee9c.jpg, 1, 0, 0, 0
DSC_0511_JPG.rf.731e23ef2aec664c559be64b904ed106.jpg, 0, 0, 1, 0
DSC_0408_JPG.rf.73624b6d3ee7400c91daddd74cdba0c4.jpg, 1, 0, 0, 0
Benih_TidakUnggul-77-_jpg.rf.72b33ae388f30508cb599b2fec7b0ba8.jpg, 0, 1, 0, 0
DSC_0483_JPG.rf.73b6869f0bde49cab33d8463aecd5fdb.jpg, 0, 1, 0, 0
DSC_0946_JPG.rf.742f8e07ed1524b9f07b511d4b98fbf7.jpg, 0, 1, 0, 0
Benih_TidakUnggul-50-_jpg.rf.74eb018151d7f0f0546f998b3a578455.jpg, 0, 1, 0, 0
DSC_0324_JPG.rf.74b1198a995a4c9f4e5d64397ab7e761.jpg, 0, 0, 1, 0
DSC_0222_JPG.rf.74e7c9490bc46d1f7b5cfe04052038f5.jpg, 0, 0, 1, 0
DSC_0408_JPG.rf.753ca6beefd13965889aa49aea50f333.jpg, 1, 0, 0, 0
DSC_0475_JPG.rf.747554a01b126df3ab831fbdad62595e.jpg, 1, 0, 0, 0
Benih_TidakUnggul-6-_jpg.rf.75be6428faf98428e5802aeb286aa5f6.jpg, 0, 1, 0, 0
Benih_TidakUnggul-52-_jpg.rf.7592664d0f94fd3e6fd06bdcde79c2c9.jpg, 0, 1, 0, 0
DSC_0441_JPG.rf.75f21b90551fa7cc05dfeccd880dc4c7.jpg, 1, 0, 0, 0
DSC_0319_JPG.rf.76121d31f40aa839c23de5bb0399e4e8.jpg, 0, 0, 1, 0
DSC_0626_JPG.rf.7621a41e6ef4617e6d7117aff0016b70.jpg, 0, 0, 0, 1
Benih_TidakUnggul-83-_jpg.rf.764f5efacff413773a7486d8fb8d102f.jpg, 0, 1, 0, 0
DSC_0189_JPG.rf.765386fa69fd499ecf4ed7d7a2942876.jpg, 0, 0, 1, 0
DSC_0633_JPG.rf.7683af74b46d8e549feb04beeae6a8bd.jpg, 0, 0, 0, 1
Benih_TidakUnggul-71-_jpg.rf.7631075d90e25bad5b83678d50f2186e.jpg, 0, 1, 0, 0
DSC_0178_JPG.rf.771432136cd9b38fcc02abafe6d8c304.jpg, 0, 0, 1, 0
DSC_0511_JPG.rf.74f7d87fcf11518d22a625e11360f7eb.jpg, 0, 0, 1, 0
Benih_TidakUnggul-64-_jpg.rf.773908cfd67539bfe8c81cfea086a42b.jpg, 0, 1, 0, 0
DSC_0317_JPG.rf.766dfbe471559eebda1ee54cecd3255d.jpg, 0, 0, 1, 0
DSC_0488_JPG.rf.776b4c66bc417f0ad5a3fd2b18ba38dc.jpg, 0, 0, 1, 0
DSC_0838_JPG.rf.77cd7a2bc4a02ba69c9f956dc0c1d83e.jpg, 0, 0, 0, 1
DSC_0470_JPG.rf.7887900ad53ffcba50f5228eba0726ff.jpg, 1, 0, 0, 0
DSC_0867_JPG.rf.78af2f45caaadaf60a8f4d77d3a5756f.jpg, 1, 0, 0, 0
DSC_0268_JPG.rf.784e26a37344fa7dbf6f5886d175ba8d.jpg, 0, 0, 1, 0
DSC_0350_JPG.rf.791a4821cbae192ad07a3039379a3c3a.jpg, 0, 0, 1, 0
DSC_0928_JPG.rf.78e585cd4ba5ef56cf1eff33beffa8ab.jpg, 1, 0, 0, 0
DSC_0872_JPG.rf.7a0a5fdb43fe29059bcc57a85c2346c3.jpg, 1, 0, 0, 0
DSC_0860_JPG.rf.794f912a5b2063cab6c5bb82c2b046e8.jpg, 0, 0, 0, 1
DSC_0333_JPG.rf.79aacab4f696601a0caa8d42df194ad2.jpg, 0, 0, 1, 0
Benih_TidakUnggul-14-_jpg.rf.7a5cadcf1e0d20acb7560d64071752aa.jpg, 0, 1, 0, 0
DSC_0438_JPG.rf.7ac904bde9f74602043d5c82a75c5665.jpg, 1, 0, 0, 0
DSC_0185_JPG.rf.7b3ca307591f80e7e13db62187857251.jpg, 0, 0, 1, 0
DSC_0363_JPG.rf.7ba0626db5f94047585efc61fdabce97.jpg, 0, 0, 1, 0
DSC_0889_JPG.rf.7b5fce3ec9fb7638207c70e513c61ad7.jpg, 1, 0, 0, 0
DSC_0444_JPG.rf.7b665966e975084214d5a56902413da3.jpg, 1, 0, 0, 0
DSC_0436_JPG.rf.7be90364b3619d53a4d845144bebcbda.jpg, 1, 0, 0, 0
DSC_0306_JPG.rf.7bde009a7d67318c14f6d6bf4b549992.jpg, 0, 0, 1, 0
Benih_TidakUnggul-74-_jpg.rf.7c507ebdc6d2dcfe96def42fe8994df3.jpg, 0, 1, 0, 0
DSC_0306_JPG.rf.7cc9489bd0756900f7a1a728b200335f.jpg, 0, 0, 1, 0
DSC_0251_JPG.rf.7c93a5bab57447a018d5ccb17cc331df.jpg, 0, 0, 1, 0
DSC_0926_JPG.rf.7d27b0ae3c68cbbdce59f50c7260b5e2.jpg, 1, 0, 0, 0
DSC_0918_JPG.rf.7db91e8a00bd433bc1b2ab10a1951040.jpg, 1, 0, 0, 0
DSC_0174_JPG.rf.7e9a4b0bf41bc2486316bb9997eadb93.jpg, 0, 0, 1, 0
DSC_0823_JPG.rf.7e9fe64aca0097b1ba8f0fb0b7dd9629.jpg, 0, 0, 0, 1
Benih_TidakUnggul-29-_jpg.rf.7df2625ad6903760c3b09fc6ffbb75cc.jpg, 0, 1, 0, 0
Benih_TidakUnggul-5-_jpg.rf.7d37cc754d3482274318a807ee651535.jpg, 0, 1, 0, 0
DSC_0427_JPG.rf.7ec7a82aba2ce7aec86ad708a1ce8ec5.jpg, 1, 0, 0, 0
DSC_0414_JPG.rf.7effc7b27fa3b8a8840bc8c4fefbb343.jpg, 1, 0, 0, 0
Benih_TidakUnggul-64-_jpg.rf.7eb77c0ed73e0d66cde42690ce658628.jpg, 0, 1, 0, 0
DSC_0890_JPG.rf.7f2c5e8727025ca458af539785a38284.jpg, 1, 0, 0, 0
DSC_0820_JPG.rf.7f5e3d04d08bc1080192e1a941755d07.jpg, 0, 0, 0, 1
Benih_TidakUnggul-75-_jpg.rf.800038f3cb1ea1b1a88d24fc2c6bd3a0.jpg, 0, 1, 0, 0
DSC_0174_JPG.rf.7ffe8f0d048612c3fe536353d4120fd5.jpg, 0, 0, 1, 0
DSC_0869_JPG.rf.7f152a8a4a5e2b65aeff42d6699feb25.jpg, 1, 0, 0, 0
DSC_0472_JPG.rf.8022d1d1305fc7e4055a358cb02668f0.jpg, 1, 0, 0, 0
DSC_0883_JPG.rf.8059bdbf20b2fd4163b44e283db37fbf.jpg, 1, 0, 0, 0
DSC_0820_JPG.rf.8122c7cfa757904252556320b959e185.jpg, 0, 0, 0, 1
DSC_0192_JPG.rf.80cd9451045d7d63e930fb00bfd6363a.jpg, 0, 0, 1, 0
DSC_0462_JPG.rf.819451aa1b469a68ea49e148f4027c17.jpg, 1, 0, 0, 0
DSC_0429_JPG.rf.814be0e5f570dff42bfe47d8b68936b5.jpg, 1, 0, 0, 0
DSC_0399_JPG.rf.816446045f04160e048bae6a9029f9e6.jpg, 1, 0, 0, 0
Benih_TidakUnggul-56-_jpg.rf.82367ba979d9c3a589bd194c97ff143f.jpg, 0, 1, 0, 0
DSC_0370_JPG.rf.81d7a4a35bf3b16ac0742b57db7c4460.jpg, 0, 0, 1, 0
DSC_0957_JPG.rf.838f56042e3497d1a7cde31349d77549.jpg, 1, 0, 0, 0
DSC_0452_JPG.rf.836949233f659a93d056fc0604790c56.jpg, 1, 0, 0, 0
DSC_0348_JPG.rf.832a8838273ad087b8d99b479c3c09ba.jpg, 0, 0, 1, 0
DSC_0333_JPG.rf.83afcba7dcb2d98649f8292b7d75f93c.jpg, 0, 0, 1, 0
DSC_0912_JPG.rf.83559b6f53278ca27822be229cebd062.jpg, 1, 0, 0, 0
DSC_0953_JPG.rf.848f9519b5a1faf0dc0296210627c9b2.jpg, 1, 0, 0, 0
DSC_0837_JPG.rf.83cb6a8fd5a4a046f372ff567216a4ba.jpg, 0, 0, 0, 1
DSC_0430_JPG.rf.83eeb6c8ee93969dce69a012d902f0e4.jpg, 1, 0, 0, 0
DSC_0420_JPG.rf.8477e1ff699c76690aa98a70082071bb.jpg, 1, 0, 0, 0
DSC_0315_JPG.rf.84922f302ed32fb1e724f91087ada30d.jpg, 0, 0, 1, 0
DSC_0900_JPG.rf.855158f4603b88a7ee2e50e9b4fb61ea.jpg, 1, 0, 0, 0
DSC_0464_JPG.rf.8557fc6960be834dfd0da5bc0983982d.jpg, 1, 0, 0, 0
DSC_0191_JPG.rf.854bfa88085195a376bf1ac3b1be0c8b.jpg, 0, 0, 1, 0
DSC_0428_JPG.rf.869fbefdd0f81c018eb89fa6c0f039eb.jpg, 1, 0, 0, 0
DSC_0294_JPG.rf.86b17a995b5a32429a5b2c7f69901be3.jpg, 0, 0, 1, 0
DSC_0938_JPG.rf.864a164dcc903c11677148c2ca3b2913.jpg, 0, 1, 0, 0
DSC_0907_JPG.rf.85613bd5e4014fac15e2c0293d36ac19.jpg, 1, 0, 0, 0
DSC_0452_JPG.rf.8720ae5124fcdebbf971c57134696fd5.jpg, 1, 0, 0, 0
DSC_0825_JPG.rf.86b54948ac6261ba15cde2b729eada8e.jpg, 0, 0, 0, 1
DSC_0484_JPG.rf.872839667facc9ca998f7137bc1689c7.jpg, 0, 1, 0, 0
DSC_0527_JPG.rf.88741bb173c0d7d1e84e0de7aeebb3fd.jpg, 0, 0, 1, 0
DSC_0265_JPG.rf.8745b3c71ef74e763c6d5ad2705bdd38.jpg, 0, 0, 1, 0
DSC_0219_JPG.rf.8918a56fe405b6566bbec8e3072ba1fc.jpg, 0, 0, 1, 0
DSC_0821_JPG.rf.887696e17f82664970f47eb84cf565e4.jpg, 0, 0, 0, 1
DSC_0883_JPG.rf.8936ddddcaf95e0aceb6ab2f08db6cfb.jpg, 1, 0, 0, 0
DSC_0825_JPG.rf.88ba20fbf0ec5a35da5d64dcaf3f46f6.jpg, 0, 0, 0, 1
DSC_0922_JPG.rf.88a5c45711650947d1a22016de8f801e.jpg, 1, 0, 0, 0
DSC_0124_JPG.rf.8934fdbb0f7d1cb23b49e4b32cbc9586.jpg, 0, 0, 1, 0
DSC_0829_JPG.rf.89442eccc76eaaf8885b28f3c8c4577d.jpg, 0, 0, 0, 1
Benih_TidakUnggul-35-_jpg.rf.8936fe0270559405f06e65a7ea964985.jpg, 0, 1, 0, 0
DSC_0487_JPG.rf.89e5f92d146acc93439ee7b496f6779f.jpg, 0, 0, 1, 0
DSC_0360_JPG.rf.89f463b9c206935631b21a6106395b2b.jpg, 0, 0, 1, 0
DSC_0926_JPG.rf.89cc91b7ff2d4a2d09df4804b647bcac.jpg, 1, 0, 0, 0
DSC_0854_JPG.rf.8aab48b58dd3a0d5997bb1486c23283f.jpg, 0, 0, 0, 1
DSC_0812_JPG.rf.8abb6dc7dc63cfe1d0ff791ee93a265e.jpg, 0, 0, 0, 1
DSC_0845_JPG.rf.8b97f9c91a15d1929f4b113f40a7fa68.jpg, 0, 0, 0, 1
DSC_0118_JPG.rf.8b03debd1f38c9ba820a71fe13f83255.jpg, 0, 0, 1, 0
DSC_0631_JPG.rf.8bdb896650c668a803c51ae19d4b8011.jpg, 0, 0, 0, 1
DSC_0118_JPG.rf.8c94fc20b09849c5c975b773e152be16.jpg, 0, 0, 1, 0
DSC_0605_JPG.rf.8bcf8e0271de7f542c8e1f3a0a72bc59.jpg, 0, 0, 0, 1
DSC_0289_JPG.rf.8d9f06bdc77b0ad8e01b46aec4e88c6d.jpg, 0, 0, 1, 0
DSC_0903_JPG.rf.8c7c961eae949b21668e53f7a986fda1.jpg, 1, 0, 0, 0
DSC_0629_JPG.rf.8b99a5392f2b26c8d4151f960857d902.jpg, 0, 0, 0, 1
DSC_0958_JPG.rf.8d8f7d4c3ed5d05bd0eeaf7bd4113412.jpg, 1, 0, 0, 0
DSC_0465_JPG.rf.8dff3eec0b2c4503efdddb21a0a9526e.jpg, 1, 0, 0, 0
DSC_0306_JPG.rf.8df39fbbd48508c57e14eb7137fb42f6.jpg, 0, 0, 1, 0
DSC_0876_JPG.rf.8e7f5020b045faa3d2de3aac9d23fee0.jpg, 1, 0, 0, 0
DSC_0839_JPG.rf.8e564c01c87e3d0606a1d93109f28790.jpg, 0, 0, 0, 1
DSC_0410_JPG.rf.8ee88d007514afe87ae6e5072b83d835.jpg, 1, 0, 0, 0
Benih_TidakUnggul-66-_jpg.rf.8ebcdf7f46df6d4ac651c823513fa084.jpg, 0, 1, 0, 0
Benih_TidakUnggul-28-_jpg.rf.8f0fe33a39ebab2defa0895049601e55.jpg, 0, 1, 0, 0
DSC_0903_JPG.rf.8fa4454be7f8a8c8b180d8775af90355.jpg, 1, 0, 0, 0
DSC_0463_JPG.rf.8f8cd6108bdcc9f4b86e4b386548801e.jpg, 1, 0, 0, 0
DSC_0845_JPG.rf.906558cf1a307a43a4f7ac3042211914.jpg, 0, 0, 0, 1
DSC_0414_JPG.rf.9078fcb0ca3baa94ff6973866932620c.jpg, 1, 0, 0, 0
DSC_0219_JPG.rf.9066574f103320fd8bf68909d5d8608e.jpg, 0, 0, 1, 0
DSC_0853_JPG.rf.907bfe4d8f726cc40660f17d2c3d8dcd.jpg, 0, 0, 0, 1
DSC_0606_JPG.rf.90f408f002d843acd613d098d5abb3ab.jpg, 0, 0, 0, 1
DSC_0312_JPG.rf.912b65b7b1457fbdf7f12de2ab090106.jpg, 0, 0, 1, 0
Benih_TidakUnggul-86-_jpg.rf.914ffdf6ef275e89df8d0cf24b02f1ba.jpg, 0, 1, 0, 0
DSC_0398_JPG.rf.91ce259bae8c002ca799922af15beff6.jpg, 1, 0, 0, 0
DSC_0929_JPG.rf.91fda9e9c450992e5094aee6a5b5845a.jpg, 1, 0, 0, 0
DSC_0827_JPG.rf.91a32980626e6b28fec866d14f63231f.jpg, 0, 0, 0, 1
DSC_0814_JPG.rf.9258c6ddd8cfb8178d749204cea908a4.jpg, 0, 0, 0, 1
Benih_TidakUnggul-77-_jpg.rf.92d7e7c589119637df40e6d35d3dd47f.jpg, 0, 1, 0, 0
DSC_0340_JPG.rf.91fb3703155f9fe7561851d3c32002bb.jpg, 0, 0, 1, 0
DSC_0129_JPG.rf.92919ba0616f415eae7297fe937730f1.jpg, 0, 0, 1, 0
Benih_TidakUnggul-73-_jpg.rf.93797c1912b7717239aff177bf11fea0.jpg, 0, 1, 0, 0
DSC_0220_JPG.rf.9323cbb90d068a851415619f2b4e4061.jpg, 0, 0, 1, 0
Benih_TidakUnggul-87-_jpg.rf.93aa16a48fc20f03a93fb66af1c95a20.jpg, 0, 1, 0, 0
DSC_0486_JPG.rf.93c64a9b1ce8edc4e60d3c524a14724e.jpg, 0, 1, 0, 0
DSC_0455_JPG.rf.93403b5993c4ed058fe00f342887bd43.jpg, 1, 0, 0, 0
DSC_0467_JPG.rf.943dd2bf548122b73a3e226009221ad7.jpg, 1, 0, 0, 0
DSC_0355_JPG.rf.9486f3764dbbcef1be4bb1d54a6040cc.jpg, 0, 0, 1, 0
DSC_0174_JPG.rf.94238e82081a3a9a729205bd220feab9.jpg, 0, 0, 1, 0
DSC_0831_JPG.rf.949702a442f63c6ecc3390ae6468948a.jpg, 0, 0, 0, 1
DSC_0360_JPG.rf.95a2ffbd0711b178a9a24a0a2809b62b.jpg, 0, 0, 1, 0
DSC_0411_JPG.rf.95b0e5d9125922a4200d36c9f407f216.jpg, 1, 0, 0, 0
DSC_0858_JPG.rf.9500308ce39ab518cd1ecf07fd1eec3c.jpg, 0, 0, 0, 1
DSC_0190_JPG.rf.95f6083e408698776361f14955cb7fc7.jpg, 0, 0, 1, 0
DSC_0889_JPG.rf.955ac6dd06b2aaba97aeee0a6dd0e821.jpg, 1, 0, 0, 0
Benih_TidakUnggul-89-_jpg.rf.9765d4c4e1cbb385f013b28a1d31639b.jpg, 0, 1, 0, 0
DSC_0952_JPG.rf.977b32362bd866025f71aedacf3bbfc1.jpg, 1, 0, 0, 0
DSC_0129_JPG.rf.96678719ba2922aaa6378ca49f6e7ae1.jpg, 0, 0, 1, 0
Benih_TidakUnggul-12-_jpg.rf.97f3a121f0fac8203358e02fdb940f3c.jpg, 0, 1, 0, 0
Benih_TidakUnggul-40-_jpg.rf.99019810702ae7a4a4c0cd9cf6009c9d.jpg, 0, 1, 0, 0
DSC_0856_JPG.rf.97fbbc156596904ffde13caffa8e1e82.jpg, 0, 0, 0, 1
DSC_0947_JPG.rf.9904138ce4895a61ac16260b595e45b4.jpg, 0, 1, 0, 0
Benih_TidakUnggul-47-_jpg.rf.998be6d80721b6f826d7e64798a7e8b8.jpg, 0, 1, 0, 0
DSC_0880_JPG.rf.97da844692c40861441b1106c3e7de03.jpg, 1, 0, 0, 0
Benih_TidakUnggul-27-_jpg.rf.99ec045d0c611fc7997b83867201919e.jpg, 0, 1, 0, 0
DSC_0535_JPG.rf.9a0a566f4efa77021c7011e65a3f243d.jpg, 0, 0, 1, 0
Benih_TidakUnggul-40-_jpg.rf.99b2c1cccc153361cbeeb364cc92102c.jpg, 0, 1, 0, 0
DSC_0914_JPG.rf.9a39a25d502d47436882d0a244ef265c.jpg, 1, 0, 0, 0
DSC_0220_JPG.rf.9b1b5e409e6bdae58a930c1aeef33cae.jpg, 0, 0, 1, 0
DSC_0485_JPG.rf.9a78eca7f958548b8dd4d845591d8f3e.jpg, 0, 1, 0, 0
DSC_0891_JPG.rf.9a74b5a6bc4da4f5b26811e12b7b2d22.jpg, 1, 0, 0, 0
DSC_0888_JPG.rf.9b5cf871f6f74a11cee9889aff018d27.jpg, 1, 0, 0, 0
DSC_0890_JPG.rf.9b2dee5856f3d4eb1f223390d1daed84.jpg, 1, 0, 0, 0
DSC_0123_JPG.rf.9ba027c9da4ef80daf827abb608717c9.jpg, 0, 0, 1, 0
DSC_0411_JPG.rf.9c2f35c1002ab52d25e9cda515edd601.jpg, 1, 0, 0, 0
DSC_0631_JPG.rf.9b51aabfe70fcfe2f8f39f2af3351af1.jpg, 0, 0, 0, 1
DSC_0813_JPG.rf.9beca6b177c0f498239fec4e31f3dea6.jpg, 0, 0, 0, 1
DSC_0824_JPG.rf.9c3fef77b8623ae785a9b9600bcfddee.jpg, 0, 0, 0, 1
DSC_0860_JPG.rf.9bb7890ea849d63e1990ca62ad1ebc6b.jpg, 0, 0, 0, 1
Benih_TidakUnggul-23-_jpg.rf.9c9c9a2cd0000a9cca955518e21c67cc.jpg, 0, 1, 0, 0
DSC_0947_JPG.rf.9cb4cd8589c7c18129e47c6f47b3b658.jpg, 0, 1, 0, 0
DSC_0192_JPG.rf.9d7768b201a4caa8ad169ae5eb779f12.jpg, 0, 0, 1, 0
DSC_0392_JPG.rf.9cb5eafbedb83c25f20a886ae9dc130f.jpg, 1, 0, 0, 0
DSC_0282_JPG.rf.9d6b78d0e636802358f29b7d10031ec3.jpg, 0, 0, 1, 0
DSC_0526_JPG.rf.9db996d26f10c541db1c2dfefafd5cb8.jpg, 0, 0, 1, 0
DSC_0465_JPG.rf.9d3cd7c5a5cdcae035cf7fbf3dd7dc5c.jpg, 1, 0, 0, 0
Benih_TidakUnggul-17-_jpg.rf.9dacc1164e764050752f2cc0d901b740.jpg, 0, 1, 0, 0
DSC_0430_JPG.rf.9e7951f2b82383619d71057315bf22b9.jpg, 1, 0, 0, 0
DSC_0913_JPG.rf.9ebe4c39584a8c52fc3136531886ba2b.jpg, 1, 0, 0, 0
DSC_0460_JPG.rf.9ee32c47671923349ee94b8a07accfca.jpg, 1, 0, 0, 0
DSC_0471_JPG.rf.9fbc80d3a7fef23119b2487ddfbc35b6.jpg, 1, 0, 0, 0
DSC_0330_JPG.rf.9e89999c143cfc754e9e11ccf77c0e68.jpg, 0, 0, 1, 0
DSC_0320_JPG.rf.9fe68ec4d1496600213e7d0af6e5dedb.jpg, 0, 0, 1, 0
DSC_0947_JPG.rf.a0457d7729fbcb8c4c7cb00e18e6a046.jpg, 0, 1, 0, 0
DSC_0812_JPG.rf.a0510aa236f3e95a9cded6f1461245e8.jpg, 0, 0, 0, 1
Benih_TidakUnggul-43-_jpg.rf.a05648c163efb2857165d669ffa6b9b7.jpg, 0, 1, 0, 0
DSC_0318_JPG.rf.9f3f3a68c2f1ec4f35e737fb87165256.jpg, 0, 0, 1, 0
Benih_TidakUnggul-63-_jpg.rf.a17942af52e19db0742f711f9002184f.jpg, 0, 1, 0, 0
Benih_TidakUnggul-23-_jpg.rf.a1bb9f9cddc523134651962b1bfe4cfe.jpg, 0, 1, 0, 0
DSC_0403_JPG.rf.a19f8af62d186726e617dfb3bf33299c.jpg, 1, 0, 0, 0
DSC_0875_JPG.rf.a368e2236101f7ac525808d56ebc8f34.jpg, 1, 0, 0, 0
Benih_TidakUnggul-39-_jpg.rf.a419d82606abef2492e26caf666fd7bd.jpg, 0, 1, 0, 0
DSC_0398_JPG.rf.a432bc47ed6f774e15872247e0904ac2.jpg, 1, 0, 0, 0
Benih_TidakUnggul-32-_jpg.rf.a2e99fa4a71710e0520b91dbaf7e6b42.jpg, 0, 1, 0, 0
DSC_0451_JPG.rf.a2b55f090f2314b0ed236c557aec893f.jpg, 1, 0, 0, 0
DSC_0360_JPG.rf.a2f256ce01a9af38aa19ad8d3b1bbe69.jpg, 0, 0, 1, 0
DSC_0827_JPG.rf.a4ccffa64277a375914f0d7a06084be6.jpg, 0, 0, 0, 1
DSC_0624_JPG.rf.a1d58335027ed13ec4aee3d7b21f7cf6.jpg, 0, 0, 0, 1
DSC_0630_JPG.rf.a2c3d2dced2bb3ccc3531461b09b801e.jpg, 0, 0, 0, 1
Benih_TidakUnggul-7-_jpg.rf.a46198cf763115798f75709c7d904487.jpg, 0, 1, 0, 0
DSC_0894_JPG.rf.a0f08d183ad6c2c2c15a36136cedd4fa.jpg, 1, 0, 0, 0
DSC_0133_JPG.rf.a253067e1c038abbb7813b4afafbdec3.jpg, 0, 0, 1, 0
DSC_0611_JPG.rf.a481c5d7be66268e4f3a2e360b6e3f4c.jpg, 0, 0, 0, 1
Benih_TidakUnggul-65-_jpg.rf.a19648843c15eab3366fbde8250506a6.jpg, 0, 1, 0, 0
DSC_0133_JPG.rf.a480d78baad170606c91fb6622db89b2.jpg, 0, 0, 1, 0
Benih_TidakUnggul-72-_jpg.rf.a14a91e406e8f6a7ff6895b6de5645a9.jpg, 0, 1, 0, 0
Benih_TidakUnggul-18-_jpg.rf.a4cf2c2bbc690f4a0655b838a588d811.jpg, 0, 1, 0, 0
DSC_0341_JPG.rf.a31d6c5a8eea96dab812a50a835b5e2a.jpg, 0, 0, 1, 0
Benih_TidakUnggul-6-_jpg.rf.a557307ba2ed2b31633c57881ad4a3e3.jpg, 0, 1, 0, 0
DSC_0282_JPG.rf.a6373cfe29d77836d6083b3a66b6a6de.jpg, 0, 0, 1, 0
DSC_0370_JPG.rf.a57e21469a3943fc5bef6b8ecbd44969.jpg, 0, 0, 1, 0
DSC_0122_JPG.rf.a1aa8d0c64c7e60c762f57c29d90005e.jpg, 0, 0, 1, 0
DSC_0461_JPG.rf.a2e487d07e3f795c0bb8ca7047d7cdc3.jpg, 1, 0, 0, 0
DSC_0863_JPG.rf.a64400cabfdba47f889b1f7ae47d6d95.jpg, 0, 0, 0, 1
Benih_TidakUnggul-1-_jpg.rf.a2753ee3e3d57e5fc3d5c8bcdb83a188.jpg, 0, 1, 0, 0
DSC_0339_JPG.rf.a4ad31dba35f1a058cbf408f09f84e92.jpg, 0, 0, 1, 0
DSC_0299_JPG.rf.a7245362ec6095f3e9afe59f93eb43ad.jpg, 0, 0, 1, 0
DSC_0393_JPG.rf.a6a68e3e6e1570ee150204ff1ac69d9c.jpg, 1, 0, 0, 0
DSC_0401_JPG.rf.a1bd7ec927b0d2b070d4fcef12f57c58.jpg, 1, 0, 0, 0
DSC_0865_JPG.rf.a6bc3d10291fc14026402aa904cef0c7.jpg, 0, 0, 0, 1
DSC_0613_JPG.rf.a875fe657e84853deeb908629d0431a9.jpg, 0, 0, 0, 1
DSC_0463_JPG.rf.a8aa0187aada6365304e2b0a7148d1f1.jpg, 1, 0, 0, 0
DSC_0843_JPG.rf.a7bddacf9101ad029ed75de05469dedb.jpg, 0, 0, 0, 1
DSC_0948_JPG.rf.a84a3f5924d312ed0b758d7eb94e0196.jpg, 0, 1, 0, 0
DSC_0401_JPG.rf.a8afe444411a613249535d18f9f2d184.jpg, 1, 0, 0, 0
DSC_0428_JPG.rf.a8e96330ac5d60590628ed06272c66e0.jpg, 1, 0, 0, 0
DSC_0893_JPG.rf.a94bd7b86c8898e71ce7863c4cf6e6d8.jpg, 1, 0, 0, 0
Benih_TidakUnggul-82-_jpg.rf.a9b6edea6424dd91d459f5d1594d42a7.jpg, 0, 1, 0, 0
Benih_TidakUnggul-40-_jpg.rf.aa18a67402c0acb4dd7a37f8d310d0fa.jpg, 0, 1, 0, 0
Benih_TidakUnggul-94-_jpg.rf.a9bc6c8fb11f6b24d0aeb0f4c28d65ab.jpg, 0, 1, 0, 0
Benih_TidakUnggul-55-_jpg.rf.a9f51df9346078abe3e84489ab30f89d.jpg, 0, 1, 0, 0
DSC_0957_JPG.rf.aadc3f879e8eef66757b3b235bcc4686.jpg, 1, 0, 0, 0
DSC_0224_JPG.rf.aaf31d221860eaf84f62e1f982855598.jpg, 0, 0, 1, 0
DSC_0416_JPG.rf.aaf2f50db504a112b6b373ce80d751da.jpg, 1, 0, 0, 0
DSC_0454_JPG.rf.aa37eb173f2e5c0bee6472c04caa3bf0.jpg, 1, 0, 0, 0
DSC_0817_JPG.rf.abc5059b151d50b7d0ed7e6cbcb7ac73.jpg, 0, 0, 0, 1
DSC_0340_JPG.rf.aa37f3d5ea269a560718d6662a1c4175.jpg, 0, 0, 1, 0
DSC_0449_JPG.rf.ab667629c6ea7e38c65a623ff978dae4.jpg, 1, 0, 0, 0
DSC_0638_JPG.rf.ab75502baccd9de9e97689ae59f019e4.jpg, 0, 0, 0, 1
DSC_0350_JPG.rf.abf24b0aba48b330b90889bf53716a9a.jpg, 0, 0, 1, 0
DSC_0822_JPG.rf.acd883415a36ca1884042e293c408362.jpg, 0, 0, 0, 1
Benih_TidakUnggul-39-_jpg.rf.ad0fdd72b8eb583b13b5a76028d148bc.jpg, 0, 1, 0, 0
DSC_0398_JPG.rf.abf993e63904cb0e97e46f3c33c67bf4.jpg, 1, 0, 0, 0
Benih_TidakUnggul-53-_jpg.rf.ace9f7c491e0d72b63c0c71f79f46b00.jpg, 0, 1, 0, 0
Benih_TidakUnggul-51-_jpg.rf.ada7f40c381129f6d643c64135a2e182.jpg, 0, 1, 0, 0
DSC_0838_JPG.rf.ae0f451c9c1c52b00a25b3a0a7e4a99d.jpg, 0, 0, 0, 1
DSC_0938_JPG.rf.adfca35c5a897a3a024f0b2ce06d4503.jpg, 0, 1, 0, 0
DSC_0349_JPG.rf.adedfc432b77bc7931e746f907076e7f.jpg, 0, 0, 1, 0
DSC_0956_JPG.rf.ae709531e65ced1293cc8bd67234ad93.jpg, 1, 0, 0, 0
Benih_TidakUnggul-47-_jpg.rf.aecc6dd649d29a827f95d8a68297edb1.jpg, 0, 1, 0, 0
DSC_0194_JPG.rf.aef28f39ebe76411fddc259017201090.jpg, 0, 0, 1, 0
DSC_0321_JPG.rf.b090a17461df80ec8c646a4929da6edd.jpg, 0, 0, 1, 0
Benih_TidakUnggul-34-_jpg.rf.b04e9324afbceaf8c1336bcbe0b9f945.jpg, 0, 1, 0, 0
DSC_0124_JPG.rf.af4a937fd535012ab467d48b55c6f163.jpg, 0, 0, 1, 0
DSC_0829_JPG.rf.aed45adc7135101c5ef720228a65178a.jpg, 0, 0, 0, 1
DSC_0319_JPG.rf.b09a756d7228d28c0ea4b94a95ffc027.jpg, 0, 0, 1, 0
DSC_0828_JPG.rf.b099f91b3dd0c4dcd19a70e2a2ada73d.jpg, 0, 0, 0, 1
DSC_0130_JPG.rf.b0ceecd5024e65b2fc3f70bf8a0d9182.jpg, 0, 0, 1, 0
DSC_0433_JPG.rf.b0cadff595e0dfac314c0bc2de9eb1b5.jpg, 1, 0, 0, 0
DSC_0125_JPG.rf.b0d35939fd3218f3e6aac84e3c0cbb6d.jpg, 0, 0, 1, 0
DSC_0616_JPG.rf.b0ef886be5bb6384cda1b8be3ada0e54.jpg, 0, 0, 0, 1
DSC_0373_JPG.rf.b16e781fb36e3e6309633d3c52884e7e.jpg, 0, 0, 1, 0
DSC_0218_JPG.rf.b1791a39bfd5b555d8ae12cc27bc58b7.jpg, 0, 0, 1, 0
Benih_TidakUnggul-1-_jpg.rf.b1637e20d56c4f60933fb7c38d49a08b.jpg, 0, 1, 0, 0
DSC_0339_JPG.rf.b1b6cf0f313e76834677fdacb4af67e2.jpg, 0, 0, 1, 0
Benih_TidakUnggul-54-_jpg.rf.b1c083c7e1cc70f325c702a12f3c2d18.jpg, 0, 1, 0, 0
DSC_0405_JPG.rf.b1e5ddea71523131f0822c8072d6a6d2.jpg, 1, 0, 0, 0
DSC_0413_JPG.rf.b1cdee7729b37c53760a2b763ee45f3d.jpg, 1, 0, 0, 0
DSC_0360_JPG.rf.b1b00ef7725d758f516601fbf61263e5.jpg, 0, 0, 1, 0
DSC_0415_JPG.rf.b24b5fb506debffbacc6f1f04e481f8f.jpg, 1, 0, 0, 0
DSC_0390_JPG.rf.b2f6cea339be241cf18845aab2fc79a1.jpg, 1, 0, 0, 0
Benih_TidakUnggul-72-_jpg.rf.b1eeb1b268e42ece25c0ae3e7c2d15b5.jpg, 0, 1, 0, 0
Benih_TidakUnggul-54-_jpg.rf.b3bca9ac232a516462d590202f8b85bb.jpg, 0, 1, 0, 0
Benih_TidakUnggul-100-_jpg.rf.b402606cf54985a683322e5c174bfc81.jpg, 0, 1, 0, 0
DSC_0340_JPG.rf.b3a04a3cde128efa82e1ceed91cfb488.jpg, 0, 0, 1, 0
DSC_0488_JPG.rf.b3d262621b105eb9105bb74957fba36d.jpg, 0, 0, 1, 0
DSC_0410_JPG.rf.b432ba225ea10bf74a16d463a124c552.jpg, 1, 0, 0, 0
DSC_0223_JPG.rf.b455d597201c385d3ec0d0c4560f8c35.jpg, 0, 0, 1, 0
DSC_0909_JPG.rf.b41d33bdde5aa299ec49277b3032fb10.jpg, 1, 0, 0, 0
Benih_TidakUnggul-55-_jpg.rf.b496c47841754332546146ef0034d77f.jpg, 0, 1, 0, 0
DSC_0632_JPG.rf.b49064c2ed6383973f08e71970335bf1.jpg, 0, 0, 0, 1
DSC_0292_JPG.rf.b4b779e2e9e8b926bb76b106c757b79c.jpg, 0, 0, 1, 0
DSC_0412_JPG.rf.b5625f303be74ad46cf38125167674e7.jpg, 1, 0, 0, 0
DSC_0321_JPG.rf.b551841b7fec6a1b1ff9edf049f21ca3.jpg, 0, 0, 1, 0
DSC_0466_JPG.rf.b5959a0abeb4e356cbbb1e32ea7c3a0e.jpg, 1, 0, 0, 0
DSC_0833_JPG.rf.b5d5300d13e0fa060a4725cc214b9c3c.jpg, 0, 0, 0, 1
DSC_0464_JPG.rf.b5987381f23b4355222bd9d1a553b6eb.jpg, 1, 0, 0, 0
Benih_TidakUnggul-59-_jpg.rf.b624c74ec5e9a98d09beabb77edf83cd.jpg, 0, 1, 0, 0
DSC_0223_JPG.rf.b58a1e38b6f9397c08762614eb586a5e.jpg, 0, 0, 1, 0
DSC_0218_JPG.rf.b635aaceea7eb39dd0f0cac926587552.jpg, 0, 0, 1, 0
DSC_0224_JPG.rf.b5e0b6b56768b3375ecb41b530cec282.jpg, 0, 0, 1, 0
DSC_0624_JPG.rf.b5e573dce992c3c1f6da3a5856429306.jpg, 0, 0, 0, 1
Benih_TidakUnggul-63-_jpg.rf.b69b150d9e367631beba1178deb5310b.jpg, 0, 1, 0, 0
Benih_TidakUnggul-45-_jpg.rf.b6d3ea3ff1140792371dc42d16cbd953.jpg, 0, 1, 0, 0
DSC_0839_JPG.rf.b809c7d981db1a2452f0a372000f1dc9.jpg, 0, 0, 0, 1
Benih_TidakUnggul-25-_jpg.rf.b6ad88a5a9698a40977d394dfb550078.jpg, 0, 1, 0, 0
Benih_TidakUnggul-31-_jpg.rf.b72e3de5a709e350f0b4531cde658f91.jpg, 0, 1, 0, 0
DSC_0831_JPG.rf.b7fcc24d669a724eb77beb2df95006a4.jpg, 0, 0, 0, 1
DSC_0900_JPG.rf.b7feeaf3b4b167f61b79806152d552c2.jpg, 1, 0, 0, 0
DSC_0824_JPG.rf.b82d3c5ca2da42409525aa60d7e4d768.jpg, 0, 0, 0, 1
DSC_0606_JPG.rf.b8e79aa81ca37d94573eb07a0168c98b.jpg, 0, 0, 0, 1
DSC_0816_JPG.rf.b8311cc99dd9f8b78041bd4a36dea6b1.jpg, 0, 0, 0, 1
DSC_0630_JPG.rf.b912e243c8558e1813223440ee15aa26.jpg, 0, 0, 0, 1
DSC_0338_JPG.rf.b9859c5c09cb48f90265b41a8a70c34c.jpg, 0, 0, 1, 0
DSC_0814_JPG.rf.b89d8ce31d4e2c9554da423b3bcb776a.jpg, 0, 0, 0, 1
DSC_0251_JPG.rf.b9f21560087df99532b22dfa620c68f7.jpg, 0, 0, 1, 0
DSC_0914_JPG.rf.ba186fa5f48768ecec11790aef30102a.jpg, 1, 0, 0, 0
DSC_0626_JPG.rf.b91802d37d600f8a43e050d05622947e.jpg, 0, 0, 0, 1
DSC_0634_JPG.rf.ba5201918a66bf8ada8c9b3560068dfe.jpg, 0, 0, 0, 1
DSC_0413_JPG.rf.b9f1a5aad1b8991d2d0dd1ed47b7802d.jpg, 1, 0, 0, 0
DSC_0118_JPG.rf.ba99100439c46e04007dfd733f060d75.jpg, 0, 0, 1, 0
DSC_0454_JPG.rf.baedd9fa17d90bb6c9a4b6041d312287.jpg, 1, 0, 0, 0
DSC_0415_JPG.rf.ba761ee202debb6aee0c89c073936892.jpg, 1, 0, 0, 0
DSC_0618_JPG.rf.bab274440423f2cc7d53fb0a11137edc.jpg, 0, 0, 0, 1
DSC_0360_JPG.rf.bc3464132336e33ad6089c28fffba5fd.jpg, 0, 0, 1, 0
DSC_0457_JPG.rf.bc38d8e68280a4ca8b4d7c903f9960fd.jpg, 1, 0, 0, 0
DSC_0420_JPG.rf.bb29201e026564d26ca22ebbcba43f19.jpg, 1, 0, 0, 0
DSC_0486_JPG.rf.bc1a4f069100df5589395191aa24544c.jpg, 0, 1, 0, 0
DSC_0915_JPG.rf.bd81789f4973227815d0c1fc83da2306.jpg, 0, 0, 1, 0
DSC_0814_JPG.rf.bd2808caa97ddf2e30715470b88874dc.jpg, 0, 0, 0, 1
DSC_0813_JPG.rf.be4263fe2422dc5770d3b0ecd0fac0b1.jpg, 0, 0, 0, 1
DSC_0460_JPG.rf.be161e6efe760d2d48cc223a0a20c89f.jpg, 1, 0, 0, 0
Benih_TidakUnggul-93-_jpg.rf.bd9aec770f01e68398dbf40faf0f26ba.jpg, 0, 1, 0, 0
DSC_0849_JPG.rf.bd805fe364254e07233e55b5b014de25.jpg, 0, 0, 0, 1
DSC_0932_JPG.rf.bded6b0794d6b86b928ed06122cffd1d.jpg, 1, 0, 0, 0
DSC_0308_JPG.rf.bf48226ee138be52e5c34b8b09333e1c.jpg, 0, 0, 1, 0
Benih_TidakUnggul-9-_jpg.rf.beb1590a993b5110bb2485b019ab3d55.jpg, 0, 1, 0, 0
DSC_0886_JPG.rf.bf819684baaa32be2f677f66b55cdd1d.jpg, 1, 0, 0, 0
Benih_TidakUnggul-51-_jpg.rf.bf87f014fa90621508a3e4151c7b4455.jpg, 0, 1, 0, 0
DSC_0370_JPG.rf.bfab0604549023118022237ac27b4547.jpg, 0, 0, 1, 0
DSC_0858_JPG.rf.c07fbafc96c95dd9a179a2f71470e21a.jpg, 0, 0, 0, 1
DSC_0289_JPG.rf.c04404fa6feb32f8cdfb36cd92d3092c.jpg, 0, 0, 1, 0
DSC_0473_JPG.rf.c093aa42d9706f547c0647beac27f90f.jpg, 1, 0, 0, 0
DSC_0129_JPG.rf.c086bbb3e001875fb6ae7b3300293d9c.jpg, 0, 0, 1, 0
DSC_0322_JPG.rf.c11d1e6db8a08c2b96a188f20ecfcb0d.jpg, 0, 0, 1, 0
DSC_0338_JPG.rf.c24dd22242017e003f6fb91a1d9cb868.jpg, 0, 0, 1, 0
DSC_0363_JPG.rf.c313285c19e54f9d44604d9ff11578d7.jpg, 0, 0, 1, 0
DSC_0526_JPG.rf.c1b2fb1a1c4b42e4eec603a507d0116c.jpg, 0, 0, 1, 0
DSC_0887_JPG.rf.c44d4600995462d2df8c0511c4dec213.jpg, 1, 0, 0, 0
Benih_TidakUnggul-89-_jpg.rf.c496873b5b8ec9c4b76a0ad0e99235c8.jpg, 0, 1, 0, 0
DSC_0393_JPG.rf.c38f89480e940aef581580907d0b4805.jpg, 1, 0, 0, 0
DSC_0411_JPG.rf.c34c920658d466ab066e82bc4e1651ce.jpg, 1, 0, 0, 0
DSC_0324_JPG.rf.c32ceabff8bfaabd1dbecd1d4842cfd1.jpg, 0, 0, 1, 0
DSC_0473_JPG.rf.c4805d6540751b0151ad4189c4f34e86.jpg, 1, 0, 0, 0
DSC_0317_JPG.rf.c4a200e7e069cf7a17feff68cfc0079f.jpg, 0, 0, 1, 0
DSC_0869_JPG.rf.c51d4943eaefc6fe1f2105dccc93d9f3.jpg, 1, 0, 0, 0
DSC_0255_JPG.rf.c593d2d97d04d4c018411406e72e0686.jpg, 0, 0, 1, 0
DSC_0323_JPG.rf.c62f22fdcf2322adef01eb15a076b231.jpg, 0, 0, 1, 0
Benih_TidakUnggul-13-_jpg.rf.c740b2561162b8d3d95d96d38e1ac360.jpg, 0, 1, 0, 0
DSC_0880_JPG.rf.c4b0deeb85e964e703b09d7ea642738d.jpg, 1, 0, 0, 0
DSC_0444_JPG.rf.c6cf1204195da86c4b14a8a253ae316a.jpg, 1, 0, 0, 0
DSC_0859_JPG.rf.c653bb5df16bc91df743338452da2d61.jpg, 0, 0, 0, 1
DSC_0933_JPG.rf.c760dfed441f4cfe6461dc76f303fa68.jpg, 1, 0, 0, 0
DSC_0952_JPG.rf.c84ea5a500440ea0c2af036b56f40401.jpg, 1, 0, 0, 0
Benih_TidakUnggul-25-_jpg.rf.c7a805a34c057c00f0888295574f589f.jpg, 0, 1, 0, 0
DSC_0222_JPG.rf.c855669c92f0e660549be147b77b86b9.jpg, 0, 0, 1, 0
DSC_0638_JPG.rf.c877396d775abc50cf050aec95de8ec7.jpg, 0, 0, 0, 1
DSC_0632_JPG.rf.c87bc7b8d1e363a75e640a2e992a2661.jpg, 0, 0, 0, 1
DSC_0909_JPG.rf.c87a982247c9a11df2cae73bb353027d.jpg, 1, 0, 0, 0
DSC_0400_JPG.rf.c826a72bb8f46897910645341522e054.jpg, 1, 0, 0, 0
DSC_0433_JPG.rf.c9316b430ce6c8879895af982a170cca.jpg, 1, 0, 0, 0
DSC_0896_JPG.rf.c9341aa143049ee66b34679a5ebc4bdf.jpg, 1, 0, 0, 0
DSC_0871_JPG.rf.c9e9b1f0ad7786d3d0dda537acdccfd1.jpg, 1, 0, 0, 0
Benih_TidakUnggul-92-_jpg.rf.c87d056e2fa8e65bd5dd7b3401faf93c.jpg, 0, 1, 0, 0
DSC_0461_JPG.rf.c9f0e19fb30f93aa872e6e009d40621b.jpg, 1, 0, 0, 0
DSC_0867_JPG.rf.c9f4cc95970243fdc753dca0ea43e402.jpg, 1, 0, 0, 0
Benih_TidakUnggul-15-_jpg.rf.ca1dcf5093cb7a57856ba32ce7155520.jpg, 0, 1, 0, 0
DSC_0144_JPG.rf.cb262badc80c4dfa6538ef4c872b9a35.jpg, 0, 0, 1, 0
Benih_TidakUnggul-75-_jpg.rf.cabbdf18950427dd2a66a99366e8e189.jpg, 0, 1, 0, 0
DSC_0609_JPG.rf.ca1ede058dedffc7df4b80ca9e69feac.jpg, 0, 0, 0, 1
Benih_TidakUnggul-43-_jpg.rf.cb54cea1ab1e53eec0ac4a1f8de8d5dc.jpg, 0, 1, 0, 0
DSC_0816_JPG.rf.cbb10cfb020c214ea9dc1ecae2d6fda7.jpg, 0, 0, 0, 1
Benih_TidakUnggul-96-_jpg.rf.cb658f5135f98d8128097a01e742cce4.jpg, 0, 1, 0, 0
DSC_0476_JPG.rf.cd90cf406586fd99e2eeffd30e29d778.jpg, 1, 0, 0, 0
DSC_0123_JPG.rf.cd74e1a4912d742db2bd6da08f0192ff.jpg, 0, 0, 1, 0
DSC_0853_JPG.rf.ce0340f87e0669d0773e307936c07b7a.jpg, 0, 0, 0, 1
DSC_0944_JPG.rf.cbd61c8b2aab945b8c1211b16e1e48a9.jpg, 0, 1, 0, 0
DSC_0477_JPG.rf.ce433cae52c6961bc0d7af4468cbe8d9.jpg, 1, 0, 0, 0
DSC_0511_JPG.rf.ce1f58e034045a7f1b30de2a98a02c28.jpg, 0, 0, 1, 0
Benih_TidakUnggul-87-_jpg.rf.ce2f3e0bcd5a47bfef21d0fe5343a0c1.jpg, 0, 1, 0, 0
DSC_0946_JPG.rf.cedd18eedbedcb6350701ac457c72781.jpg, 0, 1, 0, 0
DSC_0292_JPG.rf.ce5a89a4002c2beaba8d9b2867fe3b95.jpg, 0, 0, 1, 0
DSC_0480_JPG.rf.cf6901e0e138c32404c71561f73678bb.jpg, 1, 0, 0, 0
DSC_0125_JPG.rf.cf2973d5c9704978474f4d97eba45e51.jpg, 0, 0, 1, 0
Benih_TidakUnggul-65-_jpg.rf.cf896337c1163f7c9385eaeb22cfaedd.jpg, 0, 1, 0, 0
Benih_TidakUnggul-47-_jpg.rf.cfa6ed39a21b01db55a405885744b48a.jpg, 0, 1, 0, 0
DSC_0404_JPG.rf.cfe2f782c27926920c4d2ca694a2d784.jpg, 1, 0, 0, 0
DSC_0425_JPG.rf.cfdbfcb71d5f64cd3be5b077e5b5df11.jpg, 1, 0, 0, 0
DSC_0473_JPG.rf.ceeb0fb5bf90524b1a73438781b804db.jpg, 1, 0, 0, 0
DSC_0866_JPG.rf.d09a9519942d51e121de73e1108b74d4.jpg, 1, 0, 0, 0
DSC_0458_JPG.rf.cfacacf407f63afe68900e7879a27219.jpg, 1, 0, 0, 0
Benih_TidakUnggul-90-_jpg.rf.d036541b0041273ecad824486b8bef3a.jpg, 0, 1, 0, 0
DSC_0958_JPG.rf.cfec5276e08a4a62bd3674c0bc10ed7b.jpg, 1, 0, 0, 0
DSC_0948_JPG.rf.d0c07480d63d5453eaf7e8f4ef472dd1.jpg, 0, 1, 0, 0
DSC_0898_JPG.rf.d0af06b4ad8d6674a0af761cc35ab203.jpg, 1, 0, 0, 0
Benih_TidakUnggul-27-_jpg.rf.d07f73f63c936da6c786c7c8a04a07f2.jpg, 0, 1, 0, 0
DSC_0642_JPG.rf.d12bb1186b11452e50d24011d5fa2b02.jpg, 0, 0, 0, 1
DSC_0485_JPG.rf.d0cdc23abcfe499e2f4df12a6c2ae07e.jpg, 0, 1, 0, 0
Benih_TidakUnggul-87-_jpg.rf.d1e896fc7a50554f7fb9ecbc7a19a6ac.jpg, 0, 1, 0, 0
Benih_TidakUnggul-99-_jpg.rf.d1f052360fe48516e9471d2a0e0a6a77.jpg, 0, 1, 0, 0
DSC_0639_JPG.rf.d28a88255e85574182a2bd6ee7956152.jpg, 0, 0, 0, 1
DSC_0294_JPG.rf.d3601964445210157dc86a4c59bfc4e0.jpg, 0, 0, 1, 0
DSC_0314_JPG.rf.d3965fa3a6efbcc8561bcac658a4dd84.jpg, 0, 0, 1, 0
DSC_0355_JPG.rf.d2da423450b13a78465f1e624740b9a6.jpg, 0, 0, 1, 0
DSC_0882_JPG.rf.d30f09766c68cc71a7ddf625b561e472.jpg, 1, 0, 0, 0
DSC_0481_JPG.rf.d37870faea37e5259e72e4142aba96cc.jpg, 1, 0, 0, 0
DSC_0883_JPG.rf.d380e01ad00949a88863071e608ad503.jpg, 1, 0, 0, 0
DSC_0956_JPG.rf.d427103589493fdbf25bcb5af4786e74.jpg, 1, 0, 0, 0
DSC_0857_JPG.rf.d4555c641633ae3f5c562e55bccbe861.jpg, 0, 0, 0, 1
DSC_0818_JPG.rf.d3664fcfcdcd7a5b8cb58ad8a5b4b848.jpg, 0, 0, 0, 1
DSC_0308_JPG.rf.d5a8d6f16c0cf3d01f8bfb7c489153ba.jpg, 0, 0, 1, 0
Benih_TidakUnggul-57-_jpg.rf.d3e36b6ce97d95685e711579b59bbf0f.jpg, 0, 1, 0, 0
DSC_0526_JPG.rf.d48c4c73a1dee7fbf1f4289a0e7592d1.jpg, 0, 0, 1, 0
DSC_0898_JPG.rf.d42d85d96988c7aea70fb329f0da7d4b.jpg, 1, 0, 0, 0
Benih_TidakUnggul-99-_jpg.rf.d60be7f7d25cc69f6441701027cedac2.jpg, 0, 1, 0, 0
Benih_TidakUnggul-32-_jpg.rf.d634e82763f8206520219fc297b2342c.jpg, 0, 1, 0, 0
DSC_0632_JPG.rf.d5c4a5482437bcefb31f9838a7a7c58d.jpg, 0, 0, 0, 1
DSC_0622_JPG.rf.d68039aa3e9f0d2692e765ae0e277fb9.jpg, 0, 0, 0, 1
DSC_0622_JPG.rf.d6812029804682888a2a2428f981350e.jpg, 0, 0, 0, 1
Benih_TidakUnggul-92-_jpg.rf.d6986fc1b03e07055c1b868051ef625b.jpg, 0, 1, 0, 0
DSC_0317_JPG.rf.d682decab8eff5f00e6a2b9eb278ffa1.jpg, 0, 0, 1, 0
Benih_TidakUnggul-53-_jpg.rf.d67f29fbcb5c1c37bb7d6d9ff09243db.jpg, 0, 1, 0, 0
DSC_0946_JPG.rf.d6d0d73ddb2675c6efe6cf5f1d794b65.jpg, 0, 1, 0, 0
DSC_0859_JPG.rf.d79edb3d2025004bcaef4cb7f4965979.jpg, 0, 0, 0, 1
Benih_TidakUnggul-68-_jpg.rf.d7cdace23de1ee3545498e233d609bef.jpg, 0, 1, 0, 0
DSC_0875_JPG.rf.d7495099f470b75cea7790f72236a359.jpg, 1, 0, 0, 0
DSC_0440_JPG.rf.d83f966734f0789742d9381c9769caa8.jpg, 1, 0, 0, 0
DSC_0372_JPG.rf.d7cf3425d6e4e9984de8d98977ab6ee0.jpg, 0, 0, 1, 0
DSC_0922_JPG.rf.d8420bbdae663c1759f7c124d32be0ef.jpg, 1, 0, 0, 0
Benih_TidakUnggul-93-_jpg.rf.d84931ecd40bf4f170a85535fbf7bbaf.jpg, 0, 1, 0, 0
DSC_0896_JPG.rf.d88089416c90c18031fd73f3207643f0.jpg, 1, 0, 0, 0
DSC_0437_JPG.rf.d84eb151ab3a5fb5293d3c2f7a954360.jpg, 1, 0, 0, 0
DSC_0144_JPG.rf.d88dec507a717129b1d7abd6bd2edb58.jpg, 0, 0, 1, 0
DSC_0467_JPG.rf.d87f13ce9be9effe5604c62ad0eab323.jpg, 1, 0, 0, 0
DSC_0124_JPG.rf.d93e16f0e9a9bd37bebcb8cc0631c4e1.jpg, 0, 0, 1, 0
DSC_0317_JPG.rf.d92d924950750b786328610a2a4cabd6.jpg, 0, 0, 1, 0
DSC_0449_JPG.rf.d8b47bff1369cad0a93ae362c6da753a.jpg, 1, 0, 0, 0
DSC_0122_JPG.rf.00163aec66fc33465c47401009318d72.jpg, 0, 0, 1, 0
DSC_0333_JPG.rf.00039f3cb6ddf35d52d5fa9c0d7c3a28.jpg, 0, 0, 1, 0
DSC_0408_JPG.rf.00349ee09be1aae0cb579c9b68941bad.jpg, 1, 0, 0, 0
DSC_0390_JPG.rf.00073773f68748434e53acffd90b9b73.jpg, 1, 0, 0, 0
DSC_0939_JPG.rf.00199dc899d6684d7b431989e480480e.jpg, 0, 1, 0, 0
DSC_0404_JPG.rf.008a095d582793f6caa93a3f282d4b96.jpg, 1, 0, 0, 0
DSC_0360_JPG.rf.00cf3714d7ba173b64acdd2a079356e3.jpg, 0, 0, 1, 0
DSC_0360_JPG.rf.00cdeaa0298eca03b604a4b6262963cf.jpg, 0, 0, 1, 0
DSC_0830_JPG.rf.01043e49520adce8d271c1594dcd505a.jpg, 0, 0, 0, 1
DSC_0944_JPG.rf.00b696edb891e25d5ff0e43b86e81b2b.jpg, 0, 1, 0, 0
DSC_0608_JPG.rf.0260997b003642350eadeaaa1bbac0d5.jpg, 0, 0, 0, 1
DSC_0813_JPG.rf.02964718df7cf53b5b23abac0c89b327.jpg, 0, 0, 0, 1
DSC_0416_JPG.rf.0276c64a0d01019d158db50687330625.jpg, 1, 0, 0, 0
DSC_0818_JPG.rf.03299f8dd1033c9708f761f617abc2c0.jpg, 0, 0, 0, 1
DSC_0608_JPG.rf.0351344e85944dedaa2071c7af0f28b3.jpg, 0, 0, 0, 1
DSC_0843_JPG.rf.030f4a59962699b5c75032619493e9d4.jpg, 0, 0, 0, 1
DSC_0612_JPG.rf.03aeb09bcba7264fb7176fe622778d6b.jpg, 0, 0, 0, 1
DSC_0637_JPG.rf.0394993bd85ccbf13934b7d642e5d6a6.jpg, 0, 0, 0, 1
DSC_0888_JPG.rf.044f1d49113542b939446b1b8d074613.jpg, 1, 0, 0, 0
DSC_0251_JPG.rf.03c47b3129e84aba2fc13601a4f90939.jpg, 0, 0, 1, 0
DSC_0475_JPG.rf.04c60cdc5ed602c4c86ffcbd236a2364.jpg, 1, 0, 0, 0
Benih_TidakUnggul-31-_jpg.rf.04516d6a94c74fc2ff3b12c627419c7e.jpg, 0, 1, 0, 0
DSC_0608_JPG.rf.05175962ca850d83d4f8fd0ceeba82ac.jpg, 0, 0, 0, 1
Benih_TidakUnggul-96-_jpg.rf.04baf09aa078ea903d7858278cfd1fda.jpg, 0, 1, 0, 0
DSC_0484_JPG.rf.05206b10e155f4f1603b180f3f1a3bd5.jpg, 0, 1, 0, 0
Benih_TidakUnggul-27-_jpg.rf.05637bbe73eb9e1b199e96611c04a9a1.jpg, 0, 1, 0, 0
DSC_0635_JPG.rf.05c1ebbb28288d036d07c5112c1a1fb9.jpg, 0, 0, 0, 1
DSC_0957_JPG.rf.05b481a4f7d73087818b17a69730c7f7.jpg, 1, 0, 0, 0
DSC_0949_JPG.rf.05c54a3de64f43a1d870b56a162778b5.jpg, 1, 0, 0, 0
DSC_0376_JPG.rf.061816cba7e73f11c04e4822c9c0fb30.jpg, 0, 0, 1, 0
DSC_0915_JPG.rf.063d05b8e2ea4ab190408c60f684fc69.jpg, 0, 0, 1, 0
Benih_TidakUnggul-82-_jpg.rf.0692ce291fa76b4d8bd391ef9127a9f1.jpg, 0, 1, 0, 0
DSC_0321_JPG.rf.073ab360f7f4d45f73c848c319405545.jpg, 0, 0, 1, 0
DSC_0333_JPG.rf.06afd7fe32a1e4746a201409cb44fb34.jpg, 0, 0, 1, 0
DSC_0298_JPG.rf.06fba9523a46fd6c5971199c757595cf.jpg, 0, 0, 1, 0
DSC_0446_JPG.rf.0795f35b81277b81929ba8a0d093780b.jpg, 1, 0, 0, 0
DSC_0404_JPG.rf.0803aa88a384ca4abdf2c9e92eda573d.jpg, 1, 0, 0, 0
DSC_0299_JPG.rf.07373a624f6dd93e7568a430f73aef40.jpg, 0, 0, 1, 0
DSC_0427_JPG.rf.08a80b105efadfcb7b874339e0ae1323.jpg, 1, 0, 0, 0
Benih_TidakUnggul-51-_jpg.rf.083c74ca4fc7fd32e3f68bd99eb24e73.jpg, 0, 1, 0, 0
DSC_0403_JPG.rf.08edded612a9aa77bd854e3c9629e33d.jpg, 1, 0, 0, 0
DSC_0882_JPG.rf.09409f0484aad125697b497890fe6f6c.jpg, 1, 0, 0, 0
DSC_0918_JPG.rf.0939d77a277fd2f7d506deb53f7649a6.jpg, 1, 0, 0, 0
DSC_0265_JPG.rf.09012c5b89c6154f2cfdf003526830a3.jpg, 0, 0, 1, 0
DSC_0958_JPG.rf.08d3e2f36e83be1c9387e709de7218db.jpg, 1, 0, 0, 0
Benih_TidakUnggul-43-_jpg.rf.098c4fa3315fcb590cdc4d7d7c0d287c.jpg, 0, 1, 0, 0
DSC_0933_JPG.rf.09cd6b69828ba97c6d28ca211d87499b.jpg, 1, 0, 0, 0
Benih_TidakUnggul-52-_jpg.rf.09dd775570b1afb26c888c8cced5d3af.jpg, 0, 1, 0, 0
DSC_0841_JPG.rf.09a3248c973e77598b711cd39c37e104.jpg, 0, 0, 0, 1
DSC_0445_JPG.rf.0944082356b6fefd42dd7aee7154d25a.jpg, 1, 0, 0, 0
DSC_0854_JPG.rf.0ab2150cde1c85afe4dcfdecc5522f26.jpg, 0, 0, 0, 1
DSC_0308_JPG.rf.0ab20efc004d7adeb4a28908e0291e9f.jpg, 0, 0, 1, 0
DSC_0190_JPG.rf.0afa0c39cd2db360bf52c1c4de9e78c0.jpg, 0, 0, 1, 0
DSC_0306_JPG.rf.0a0a9c7e8ef15de719a1069c54789921.jpg, 0, 0, 1, 0
DSC_0441_JPG.rf.0bc4d1c1b3d1424056c143c52af8e7b8.jpg, 1, 0, 0, 0
DSC_0634_JPG.rf.0c39cac7d345a6a3c069bae0717f1f29.jpg, 0, 0, 0, 1
DSC_0265_JPG.rf.0b97a892b7a29953e37c8af23220296c.jpg, 0, 0, 1, 0
DSC_0421_JPG.rf.0c0be50900f22c57549825a644282d44.jpg, 1, 0, 0, 0
DSC_0917_JPG.rf.0cce7064a097c07e4ffe7b606d3edd7e.jpg, 1, 0, 0, 0
DSC_0817_JPG.rf.0c0119141e38182c69be5f28a3ec0ae1.jpg, 0, 0, 0, 1
DSC_0488_JPG.rf.0dac1c4643d9cd774d1f0100eccf2f50.jpg, 0, 0, 1, 0
DSC_0341_JPG.rf.0d552c07624c03190e9961d5362cf166.jpg, 0, 0, 1, 0
DSC_0823_JPG.rf.0c38c246c46e8df2daf69a13ad95e81c.jpg, 0, 0, 0, 1
Benih_TidakUnggul-12-_jpg.rf.0d7e35c6726b0ecd8b795c55879125f9.jpg, 0, 1, 0, 0
DSC_0879_JPG.rf.0dbd0ac32decc96703442f41cddec0b9.jpg, 1, 0, 0, 0
DSC_0475_JPG.rf.0e2270fb615e873cabbe180e90cd7c97.jpg, 1, 0, 0, 0
DSC_0908_JPG.rf.0e3b5615433d1fddfacac06018acb1d5.jpg, 1, 0, 0, 0
Benih_TidakUnggul-34-_jpg.rf.0e9200b92c9c14e98d935a886e3ed253.jpg, 0, 1, 0, 0
DSC_0185_JPG.rf.0c46a4a8ffee6e0e1468b7d239932ac1.jpg, 0, 0, 1, 0
DSC_0472_JPG.rf.0dc8589d36d794a38f88a2bde17c5f2b.jpg, 1, 0, 0, 0
DSC_0487_JPG.rf.0e286b04d8957158fc7ff7915dfefcea.jpg, 0, 0, 1, 0
DSC_0350_JPG.rf.0db04e8d5f28a230a7709cf5d89b3ed7.jpg, 0, 0, 1, 0
DSC_0609_JPG.rf.0ed347aeaad9b588c7c280e232de26e0.jpg, 0, 0, 0, 1
Benih_TidakUnggul-69-_jpg.rf.0e6c6c525e3eed2a6b8454a23b2fb9ff.jpg, 0, 1, 0, 0
DSC_0459_JPG.rf.0e97407bf7322f9bb807203b5cc096c4.jpg, 1, 0, 0, 0
DSC_0901_JPG.rf.0f7a400e0174a363dde3d4bd51aa1188.jpg, 1, 0, 0, 0
DSC_0863_JPG.rf.0f67ef62ca74b4c7fac8218c844e8d94.jpg, 0, 0, 0, 1
DSC_0913_JPG.rf.100a1a8f9ca7e7b72f5c788381e1696b.jpg, 1, 0, 0, 0
DSC_0641_JPG.rf.0f950026e1f56d363924602b43ebca54.jpg, 0, 0, 0, 1
DSC_0323_JPG.rf.102d09c158d155148cc37325b8d6975e.jpg, 0, 0, 1, 0
DSC_0463_JPG.rf.10ccaae9691dede55827c876bf02fb82.jpg, 1, 0, 0, 0
DSC_0641_JPG.rf.11285f5988dc8480a05796468fa2352a.jpg, 0, 0, 0, 1
DSC_0865_JPG.rf.1057de7a51a2bc6781f2a68d8e149da4.jpg, 0, 0, 0, 1
DSC_0932_JPG.rf.120fc54624bf4ecf473cfc5d7737c932.jpg, 1, 0, 0, 0
DSC_0929_JPG.rf.127083f57cbd549fb8448e9b05567807.jpg, 1, 0, 0, 0
DSC_0339_JPG.rf.12103d4f61f151e1950c03a45783d99b.jpg, 0, 0, 1, 0
DSC_0471_JPG.rf.10ffc3299ca4a0b0c8be1cc9be8c1cb5.jpg, 1, 0, 0, 0
DSC_0939_JPG.rf.12469c1e2710a9948c171e67121aedad.jpg, 0, 1, 0, 0
DSC_0400_JPG.rf.12487bb6bc5c49b76d8ca9f77db2fcf1.jpg, 1, 0, 0, 0
DSC_0891_JPG.rf.13702ac742dd171e13a24aa1508bd2bf.jpg, 1, 0, 0, 0
DSC_0866_JPG.rf.1373cbc43bcb9574d61c494eb3a3aded.jpg, 1, 0, 0, 0
DSC_0480_JPG.rf.12a3778c7ea5091f147c25944860c3fa.jpg, 1, 0, 0, 0
DSC_0470_JPG.rf.129bea79176d9c170e9418773094599e.jpg, 1, 0, 0, 0
DSC_0467_JPG.rf.13bc73645651556cca5884cffa2946b3.jpg, 1, 0, 0, 0
DSC_0432_JPG.rf.146791a256c92233b7b0c36e28683713.jpg, 1, 0, 0, 0
DSC_0823_JPG.rf.1435ea82d5c783f3a483d74e82ecff33.jpg, 0, 0, 0, 1
DSC_0255_JPG.rf.14f4f804b003c5ac23536156dc418069.jpg, 0, 0, 1, 0
DSC_0292_JPG.rf.150234dfd096f816184c9a5ef6ab80dc.jpg, 0, 0, 1, 0
DSC_0833_JPG.rf.152255c4d990940a315f848924ffec4e.jpg, 0, 0, 0, 1
Benih_TidakUnggul-13-_jpg.rf.1524817b6161bf07c6532fd7a8974210.jpg, 0, 1, 0, 0
DSC_0924_JPG.rf.1512f1c06c93a5ea481e9e232e9cfe3c.jpg, 1, 0, 0, 0
Benih_TidakUnggul-74-_jpg.rf.15337db12ee7623b3040e2f4b210bdc9.jpg, 0, 1, 0, 0
DSC_0850_JPG.rf.15697e1504415f4ad69715d5e85d655c.jpg, 0, 0, 0, 1
DSC_0229_JPG.rf.16872fbfa9f89af77d0007909769c4ea.jpg, 0, 0, 1, 0
DSC_0606_JPG.rf.1693299f83fb9d9f4b2bc12cd9dccd13.jpg, 0, 0, 0, 1
Benih_TidakUnggul-77-_jpg.rf.169b70b41029b47f0dd753a57d2124da.jpg, 0, 1, 0, 0
DSC_0306_JPG.rf.1740534e618ee72735928ce0029d8e85.jpg, 0, 0, 1, 0
Benih_TidakUnggul-17-_jpg.rf.1696532103171c55ddad2b5ba37122c0.jpg, 0, 1, 0, 0
DSC_0393_JPG.rf.16da50e2994c9cbf597e9c6aa58aaf55.jpg, 1, 0, 0, 0
Benih_TidakUnggul-9-_jpg.rf.174b3f1177920adbddc8bb453ccdd1a9.jpg, 0, 1, 0, 0
DSC_0885_JPG.rf.185c9017739016f71838c20656aca9af.jpg, 1, 0, 0, 0
DSC_0611_JPG.rf.17e6713d08d2b1822173a1345d7ddeac.jpg, 0, 0, 0, 1
DSC_0821_JPG.rf.18151adf50108707ff0295c0b356c8a9.jpg, 0, 0, 0, 1
DSC_0429_JPG.rf.19e816d8cb8c7b5f7682385531827578.jpg, 1, 0, 0, 0
DSC_0850_JPG.rf.19d76e8d93bfd323b10417521ddcf38e.jpg, 0, 0, 0, 1
DSC_0634_JPG.rf.19f4cddc2a490f6b02168a9fe2a43d9b.jpg, 0, 0, 0, 1
DSC_0891_JPG.rf.1aaca6b8da34f0180edb5f15536daa98.jpg, 1, 0, 0, 0
DSC_0220_JPG.rf.1a5b310bbac7716e7e5af119724bf440.jpg, 0, 0, 1, 0
DSC_0432_JPG.rf.19cc0f6289129a01f258202da3f9eb35.jpg, 1, 0, 0, 0
DSC_0885_JPG.rf.1a1e030eaa03571eb9046ff3aacc0c84.jpg, 1, 0, 0, 0
DSC_0873_JPG.rf.1a9ad706f10f5e6856ba5a060a033285.jpg, 1, 0, 0, 0
DSC_0144_JPG.rf.1aaf1f0e91766f0a5966adcddb733849.jpg, 0, 0, 1, 0
DSC_0218_JPG.rf.1ab3b757fcc67f2e97c9fc6a0657acb0.jpg, 0, 0, 1, 0
DSC_0888_JPG.rf.1aafb920e743189c45ffa49cf95e740b.jpg, 1, 0, 0, 0
DSC_0438_JPG.rf.1acf74f891227ef4278fc00e2fbf4497.jpg, 1, 0, 0, 0
DSC_0933_JPG.rf.1b108f6da53dbed585370d6d6a56a7da.jpg, 1, 0, 0, 0
DSC_0840_JPG.rf.1c3a4fbcecdfecbe0e9ad7f8889be751.jpg, 0, 0, 0, 1
DSC_0445_JPG.rf.1c2cdb37038a4773e9b286b3611562eb.jpg, 1, 0, 0, 0
Benih_TidakUnggul-97-_jpg.rf.1cf495ed47882bc95fca332c0bdcff2d.jpg, 0, 1, 0, 0
DSC_0630_JPG.rf.1c324db9cf0c56b2f6f4bac64eaac965.jpg, 0, 0, 0, 1
Benih_TidakUnggul-22-_jpg.rf.1ca7a4d80ec0a5744b3658d63a3b5784.jpg, 0, 1, 0, 0
DSC_0255_JPG.rf.1cd63d8e9eb413dc3a8460ac4dae2b3d.jpg, 0, 0, 1, 0
Benih_TidakUnggul-86-_jpg.rf.1d265fcefe810f54345a811fbe2908d5.jpg, 0, 1, 0, 0
DSC_0944_JPG.rf.1e2b1f6d503de17935cc4d9eaa0bae1b.jpg, 0, 1, 0, 0
DSC_0268_JPG.rf.1d7bebe802abc75939b24d9027c5e629.jpg, 0, 0, 1, 0
DSC_0943_JPG.rf.1d6f8a520413b4518c209cd6649278bf.jpg, 0, 1, 0, 0
DSC_0308_JPG.rf.1da5a4454d9bdf2796d37a2466f46042.jpg, 0, 0, 1, 0
DSC_0908_JPG.rf.1e7ca1db2fa37dfd6c8e196280634790.jpg, 1, 0, 0, 0
DSC_0400_JPG.rf.1e98a3fc0989a97f226eb9840f26933a.jpg, 1, 0, 0, 0
DSC_0535_JPG.rf.1e6e1124a85e759449810358d8f5e5fc.jpg, 0, 0, 1, 0
DSC_0483_JPG.rf.1edbb51e57beca3ec57a3f870e3dca47.jpg, 0, 1, 0, 0
Benih_TidakUnggul-2-_jpg.rf.1f4f9a3de5a8dd0bcd93dc6caa4f22d5.jpg, 0, 1, 0, 0
DSC_0421_JPG.rf.1ebb4f5c1c7d35fc36ea028d443e6968.jpg, 1, 0, 0, 0
DSC_0879_JPG.rf.1e8824ae5e234543193247d0e248e2a1.jpg, 1, 0, 0, 0
DSC_0953_JPG.rf.1efc119587a6c8afdce984421f4772fb.jpg, 1, 0, 0, 0
DSC_0190_JPG.rf.1f86d821f07c7a3cb3d38b04389f2a77.jpg, 0, 0, 1, 0
Benih_TidakUnggul-50-_jpg.rf.217ebfcccfa34607294cb082d008b431.jpg, 0, 1, 0, 0
DSC_0279_JPG.rf.202e3a3d696903688269aaceea65a9ea.jpg, 0, 0, 1, 0
DSC_0376_JPG.rf.22017277ade0e191f568dec4bdc0fe47.jpg, 0, 0, 1, 0
DSC_0452_JPG.rf.1fe33310d0e841415de9a42781a59f8a.jpg, 1, 0, 0, 0
DSC_0429_JPG.rf.2272e642cf5025c95f484c92245e714e.jpg, 1, 0, 0, 0
Benih_TidakUnggul-80-_jpg.rf.22572fb23ab103024efe845f1fffca37.jpg, 0, 1, 0, 0
DSC_0312_JPG.rf.1fe1cd7a45f0f34fb4be5c4c475049b8.jpg, 0, 0, 1, 0
Benih_TidakUnggul-86-_jpg.rf.22ad3e4b69b0bc81506b4ee9295f2a7b.jpg, 0, 1, 0, 0
DSC_0462_JPG.rf.2274f2c635b46035ce5342efc209a4d0.jpg, 1, 0, 0, 0
DSC_0329_JPG.rf.22f43c22168b2497f2e5e30b1ecb8aee.jpg, 0, 0, 1, 0
DSC_0487_JPG.rf.2327bc05cf5d381c7b59b157f04cc8a3.jpg, 0, 0, 1, 0
DSC_0425_JPG.rf.23108132bc622d6396aa07faa6bdce48.jpg, 1, 0, 0, 0
DSC_0874_JPG.rf.22fe1bdeff676c627d41980b4e7164bd.jpg, 1, 0, 0, 0
Benih_TidakUnggul-52-_jpg.rf.250b9ef401ec1e95e4254a939eb55c81.jpg, 0, 1, 0, 0
DSC_0459_JPG.rf.233e359edb1d61ab77362aaa1de26b99.jpg, 1, 0, 0, 0
Benih_TidakUnggul-39-_jpg.rf.236c0e284bad59fdfe35b873e2826365.jpg, 0, 1, 0, 0
DSC_0476_JPG.rf.2661945766c3226f8a919f2be29b594a.jpg, 1, 0, 0, 0
DSC_0850_JPG.rf.252d9de1b576467674b2096a2b0a5ba9.jpg, 0, 0, 0, 1
DSC_0629_JPG.rf.25886aff451fbed2445b4b1de3afdaea.jpg, 0, 0, 0, 1
DSC_0341_JPG.rf.26c3c13e672d13793bdfebbf230c7bd1.jpg, 0, 0, 1, 0
DSC_0822_JPG.rf.26fc1a04124624799d76b990679e9254.jpg, 0, 0, 0, 1
DSC_0427_JPG.rf.256313c050b23f9cd6a61fef4308fc8d.jpg, 1, 0, 0, 0
DSC_0268_JPG.rf.2724ecc021d6f73a2bae5c9c08d0dc52.jpg, 0, 0, 1, 0
Benih_TidakUnggul-13-_jpg.rf.26d2020680db3cac75cbe7a060915e92.jpg, 0, 1, 0, 0
DSC_0837_JPG.rf.271d20d6de7da89d3502c4181841b3d2.jpg, 0, 0, 0, 1
Benih_TidakUnggul-97-_jpg.rf.27a53b0abfcb36ff31d855ee8b986813.jpg, 0, 1, 0, 0
DSC_0314_JPG.rf.27951af54a9dc2d5471e340fd3b06e8c.jpg, 0, 0, 1, 0
DSC_0922_JPG.rf.27f3118c610fa8868a7741caebc0d6ce.jpg, 1, 0, 0, 0
DSC_0330_JPG.rf.29109120b276de6b8b0c6ef561dba48a.jpg, 0, 0, 1, 0
Benih_TidakUnggul-22-_jpg.rf.28f84fee86e2eb7dd06da4a44e820451.jpg, 0, 1, 0, 0
DSC_0481_JPG.rf.28c5b4ffbbf7b6bb98046c362ab1c0a8.jpg, 1, 0, 0, 0
DSC_0483_JPG.rf.295133539b9f45febdf31a231a1f9603.jpg, 0, 1, 0, 0
DSC_0914_JPG.rf.2991f04a07ca494baedf634e733cf075.jpg, 1, 0, 0, 0
DSC_0633_JPG.rf.2976c18eeaebcfb2167c452dd2d76bc8.jpg, 0, 0, 0, 1
DSC_0631_JPG.rf.2a67c32f492e8e946a8cdd15b6f2ade4.jpg, 0, 0, 0, 1
DSC_0266_JPG.rf.2a5087b6e8108576b9b38f543f6d5588.jpg, 0, 0, 1, 0
DSC_0873_JPG.rf.da3e7d80dff099712d0cb8df5c127d6b.jpg, 1, 0, 0, 0
DSC_0841_JPG.rf.dfb04ab43f609b1940af59d077b5b279.jpg, 0, 0, 0, 1
DSC_0458_JPG.rf.de9fc76cc3a017a2368de8dfcffe4c22.jpg, 1, 0, 0, 0
DSC_0319_JPG.rf.da1b867e53512b24c001dcaeacf0161a.jpg, 0, 0, 1, 0
DSC_0278_JPG.rf.df8202273afb18d63d2ea68fee72efee.jpg, 0, 0, 1, 0
DSC_0308_JPG.rf.dd17f7b3ef9f6c3616f1970ced38873d.jpg, 0, 0, 1, 0
DSC_0843_JPG.rf.db85cce4a83f106a63fd51b0588134f9.jpg, 0, 0, 0, 1
DSC_0133_JPG.rf.db75a7711658126cf669c9d914e312d9.jpg, 0, 0, 1, 0
DSC_0818_JPG.rf.dcbf8cc8a5317594225c21c92a15ddf8.jpg, 0, 0, 0, 1
DSC_0830_JPG.rf.e0981098c4816d33871e8a83824fd61e.jpg, 0, 0, 0, 1
DSC_0230_JPG.rf.dc8a6d9572703de5882e41b2f0df7d4a.jpg, 0, 0, 1, 0
DSC_0399_JPG.rf.d9faee8009406af20e6ea68903572095.jpg, 1, 0, 0, 0
DSC_0865_JPG.rf.de2861778ab30fad5818b9ed88b89690.jpg, 0, 0, 0, 1
DSC_0917_JPG.rf.da4c63f989e59be812500b0f43accb98.jpg, 1, 0, 0, 0
Benih_TidakUnggul-81-_jpg.rf.e0d89595cad65befe8756861cf749d87.jpg, 0, 1, 0, 0
DSC_0348_JPG.rf.df9f18234637406ff72b02326c051999.jpg, 0, 0, 1, 0
DSC_0127_JPG.rf.dd0bee9468a91c61da21aac495373072.jpg, 0, 0, 1, 0
Benih_TidakUnggul-90-_jpg.rf.e1c10050248c6367bfabf85b112c5528.jpg, 0, 1, 0, 0
DSC_0329_JPG.rf.e14bb155fe5681a5e69394b275f8e301.jpg, 0, 0, 1, 0
DSC_0874_JPG.rf.e1e2028690793f2aad3fba34d1d902ed.jpg, 1, 0, 0, 0
Benih_TidakUnggul-19-_jpg.rf.dd031878487bda5ce76a7371bbc6ae02.jpg, 0, 1, 0, 0
Benih_TidakUnggul-88-_jpg.rf.e1cf5bf5eeab02a9a1fa3a2d25075b53.jpg, 0, 1, 0, 0
DSC_0637_JPG.rf.dab5bc4c9954a4caaa0459574b1665e1.jpg, 0, 0, 0, 1
DSC_0952_JPG.rf.db844f4b567e146041289128db64ea46.jpg, 1, 0, 0, 0
DSC_0250_JPG.rf.de660333bc38ccc5314b6dd580b0d7d2.jpg, 0, 0, 1, 0
DSC_0298_JPG.rf.dd1804f605091995335685afb274bc5d.jpg, 0, 0, 1, 0
DSC_0859_JPG.rf.df9ea451ed041430f0072240626d92bf.jpg, 0, 0, 0, 1
Benih_TidakUnggul-4-_jpg.rf.e0c8a5d1a21ed9a130562962540151e6.jpg, 0, 1, 0, 0
DSC_0137_JPG.rf.e2734b9e437d8e85e4411a995edf3085.jpg, 0, 0, 1, 0
DSC_0315_JPG.rf.e210546496d030ea61b4486910a69f25.jpg, 0, 0, 1, 0
DSC_0360_JPG.rf.e2b1a69e5a1fe875b2ffaf334a27e5a2.jpg, 0, 0, 1, 0
DSC_0423_JPG.rf.d9a1d2ccaaddc821ea6f84bc2b0be618.jpg, 1, 0, 0, 0
DSC_0349_JPG.rf.e2e4baa7c2cf573ca3efd5f9b7608a58.jpg, 0, 0, 1, 0
DSC_0312_JPG.rf.e2dd10d44198b470fd2fe446c112b8b0.jpg, 0, 0, 1, 0
DSC_0440_JPG.rf.e2cc996cd662d51f4af03019b1e57f58.jpg, 1, 0, 0, 0
DSC_0373_JPG.rf.e42ffabd599737f798d2ff15dc3a7b2f.jpg, 0, 0, 1, 0
DSC_0455_JPG.rf.e3d93bea94d10df2c444b7ea8b54afdb.jpg, 1, 0, 0, 0
Benih_TidakUnggul-31-_jpg.rf.e42853cfc6d860109b5bbd9c15cfa70e.jpg, 0, 1, 0, 0
Benih_TidakUnggul-61-_jpg.rf.e44ffa4a43d17d74524e9976c3d9e7df.jpg, 0, 1, 0, 0
DSC_0286_JPG.rf.e3e129096012a23434ffd2c5085d1942.jpg, 0, 0, 1, 0
DSC_0926_JPG.rf.e441ee9313508da935e43df5e8a075ce.jpg, 1, 0, 0, 0
Benih_TidakUnggul-94-_jpg.rf.e507aa2e87d9b81f3c2865b4210bbd5f.jpg, 0, 1, 0, 0
Benih_TidakUnggul-93-_jpg.rf.e4d7d86517d031be16ab5154ebd2f681.jpg, 0, 1, 0, 0
DSC_0622_JPG.rf.e51a44839d0a1b6e098ff2218dbeeb08.jpg, 0, 0, 0, 1
DSC_0334_JPG.rf.e528d09b39985dc62ac92748a3f73e00.jpg, 0, 0, 1, 0
DSC_0623_JPG.rf.e57e46ba62eb5a88490ecda2044ca982.jpg, 0, 0, 0, 1
DSC_0896_JPG.rf.e5a1e4cda89e2ad72523eeaa4f562cea.jpg, 1, 0, 0, 0
Benih_TidakUnggul-19-_jpg.rf.e5d0905efa1d5a1ae8f5b39fea393062.jpg, 0, 1, 0, 0
DSC_0392_JPG.rf.e73342b796d9d93acb9d79b0627f4240.jpg, 1, 0, 0, 0
DSC_0481_JPG.rf.e5a43abf326270299b6e5f91e2d96269.jpg, 1, 0, 0, 0
DSC_0445_JPG.rf.e61469515487b2c493d45542416a1ada.jpg, 1, 0, 0, 0
DSC_0613_JPG.rf.e58815488d992eb728a8ff6a195d91a0.jpg, 0, 0, 0, 1
Benih_TidakUnggul-96-_jpg.rf.e7bff1611c4d79f75362a7e2fd58bba5.jpg, 0, 1, 0, 0
DSC_0609_JPG.rf.e7a0f5730bd9e0ec544e4ca9511d63e0.jpg, 0, 0, 0, 1
DSC_0465_JPG.rf.e6b7516d2637e26e432d0be37f424794.jpg, 1, 0, 0, 0
DSC_0178_JPG.rf.e783e62f229a9b0e14ae1b3b2d49b12f.jpg, 0, 0, 1, 0
DSC_0932_JPG.rf.e7d9513e6ddc6ea9fe45453c8092718b.jpg, 1, 0, 0, 0
DSC_0334_JPG.rf.e7e1ffbdd83ca76362f1a63ee37191af.jpg, 0, 0, 1, 0
Benih_TidakUnggul-14-_jpg.rf.e85ea092eabb57799600b8a01b8dd969.jpg, 0, 1, 0, 0
DSC_0204_JPG.rf.e875acb14c6ecb27656da40a89dc2ae9.jpg, 0, 0, 1, 0
DSC_0873_JPG.rf.e8eff03f96ff0e543182f24578b0b37b.jpg, 1, 0, 0, 0
DSC_0899_JPG.rf.e8c728f29c4a62b264644b8b86cc4015.jpg, 1, 0, 0, 0
DSC_0224_JPG.rf.e9401c066c6ed92081d526ee359d7551.jpg, 0, 0, 1, 0
DSC_0832_JPG.rf.ea038b29209f11c16cae362026216652.jpg, 0, 0, 0, 1
DSC_0365_JPG.rf.e944716224081901dd230347287c7bba.jpg, 0, 0, 1, 0
DSC_0890_JPG.rf.e85f7c7be1861b90efb280eff0f7045e.jpg, 1, 0, 0, 0
DSC_0461_JPG.rf.e8f770179a8e830ae662d07316a517cd.jpg, 1, 0, 0, 0
DSC_0250_JPG.rf.ea27de3e76c99fdd80b60d81b4389a8d.jpg, 0, 0, 1, 0
DSC_0901_JPG.rf.ea6024a0b93379336bf2d8600fd89b21.jpg, 1, 0, 0, 0
DSC_0641_JPG.rf.eb027bd5c7dafd2e972355f40b619a6a.jpg, 0, 0, 0, 1
DSC_0178_JPG.rf.ea93d3440c95a5cfebaa616f7b141bb6.jpg, 0, 0, 1, 0
Benih_TidakUnggul-45-_jpg.rf.ea9604cf71dd53e20bdffd87772f77d6.jpg, 0, 1, 0, 0
DSC_0812_JPG.rf.eb2695d11c487d81e45143ca4d84a316.jpg, 0, 0, 0, 1
DSC_0893_JPG.rf.eb08c97a2505b2be3ae60ec0dd441069.jpg, 1, 0, 0, 0
DSC_0855_JPG.rf.ebfbeecb783e0879e23026035267b63b.jpg, 0, 0, 0, 1
Benih_TidakUnggul-58-_jpg.rf.eb3b9f61248269891f8407124396ae28.jpg, 0, 1, 0, 0
DSC_0897_JPG.rf.ec5baa55ac1b3bef548db0a136e58360.jpg, 1, 0, 0, 0
DSC_0334_JPG.rf.ec30e694a3f2e281bed4bdde30e8cb63.jpg, 0, 0, 1, 0
DSC_0642_JPG.rf.ec6a75063da19ae1e87bc71482af95ef.jpg, 0, 0, 0, 1
Benih_TidakUnggul-73-_jpg.rf.ece06f34efee9ab27e19ebaf02538d83.jpg, 0, 1, 0, 0
DSC_0830_JPG.rf.ecc2a9138f305e05d0d18611870ab91f.jpg, 0, 0, 0, 1
Benih_TidakUnggul-59-_jpg.rf.ee0012889a307de764a05b6447f9982c.jpg, 0, 1, 0, 0
DSC_0334_JPG.rf.eea04a728513a2e95edab96d63e453b6.jpg, 0, 0, 1, 0
DSC_0365_JPG.rf.eecc73ef78ea72c61ebedc1d1a4c6ffb.jpg, 0, 0, 1, 0
DSC_0912_JPG.rf.ee4a7c1920164f36142c7325ac7ff0b5.jpg, 1, 0, 0, 0
DSC_0875_JPG.rf.efa1b5e5ff338885b449864c3235490a.jpg, 1, 0, 0, 0
DSC_0416_JPG.rf.eea18a42b3d557f5c22ed89b5aaf5d93.jpg, 1, 0, 0, 0
DSC_0900_JPG.rf.ef71bf2ec7186467baadbbae0d576aaa.jpg, 1, 0, 0, 0
DSC_0130_JPG.rf.eecfd62bc1a37ccb1cf916bd30342c45.jpg, 0, 0, 1, 0
DSC_0390_JPG.rf.eeff68e104002c3e2dae696d45506e96.jpg, 1, 0, 0, 0
DSC_0457_JPG.rf.f00f3f5f34daaafc29efed4e5795198d.jpg, 1, 0, 0, 0
DSC_0929_JPG.rf.efa9906f0bebf1d94adb285fcee642ef.jpg, 1, 0, 0, 0
Benih_TidakUnggul-83-_jpg.rf.f029ac819896c46e5e715ceaf31d3b6d.jpg, 0, 1, 0, 0
DSC_0451_JPG.rf.ef930796956f32af4350a696096f8c19.jpg, 1, 0, 0, 0
DSC_0349_JPG.rf.f0cd433233b8164fa9ed55bd5ae6e07b.jpg, 0, 0, 1, 0
DSC_0189_JPG.rf.f102dd7df304b90b4decdbe7fa486161.jpg, 0, 0, 1, 0
DSC_0449_JPG.rf.f07d75ea3bf7a26ea19455d7895e5796.jpg, 1, 0, 0, 0
DSC_0410_JPG.rf.f2902bc1bbc2a9c552def0cf6d435a05.jpg, 1, 0, 0, 0
DSC_0485_JPG.rf.f14c153a73297299fa89d28c1bf2bf76.jpg, 0, 1, 0, 0
Benih_TidakUnggul-50-_jpg.rf.f35e6c5c2e3774d50f95db72594e3640.jpg, 0, 1, 0, 0
DSC_0832_JPG.rf.f2a2b0ec9b06ee04b86a209744b46560.jpg, 0, 0, 0, 1
DSC_0421_JPG.rf.f3c00e1ae0bdebfca7b5b1f1411a37ec.jpg, 1, 0, 0, 0
Benih_TidakUnggul-19-_jpg.rf.f3b9797d1bb6b06298144d1dbe4130c1.jpg, 0, 1, 0, 0
Benih_TidakUnggul-37-_jpg.rf.f4fa49e991f993fb09c62a2b11fb27a2.jpg, 0, 1, 0, 0
DSC_0829_JPG.rf.f57a5bced584f51bd6a660b3b9baa728.jpg, 0, 0, 0, 1
DSC_0266_JPG.rf.f3a796a2858c624ef386d47da18fb07e.jpg, 0, 0, 1, 0
DSC_0872_JPG.rf.f5d0914ffce18b75ef299e08e7b5d630.jpg, 1, 0, 0, 0
DSC_0266_JPG.rf.f5bd091a50ab9952abffdb3bc508d3e9.jpg, 0, 0, 1, 0
DSC_0317_JPG.rf.f627f6af83a797a68c0c34a4ae0a07d9.jpg, 0, 0, 1, 0
DSC_0907_JPG.rf.f6e727442698ceacc1a921f98df33873.jpg, 1, 0, 0, 0
Benih_TidakUnggul-75-_jpg.rf.f403d743f3c30567638b7e98d8bd4549.jpg, 0, 1, 0, 0
DSC_0637_JPG.rf.f67f5fb04e6b68d116e139ae2ca73902.jpg, 0, 0, 0, 1
Benih_TidakUnggul-28-_jpg.rf.f762506c0bf6c328d8ccbd18c208d0ba.jpg, 0, 1, 0, 0
DSC_0413_JPG.rf.f7cf1cdd6f8adb859414e3e3ad3abe45.jpg, 1, 0, 0, 0
Benih_TidakUnggul-65-_jpg.rf.f91553bbfc72a0cc46060136cc7016d4.jpg, 0, 1, 0, 0
Benih_TidakUnggul-61-_jpg.rf.f811dd4595b045bb94fbbe871ca86498.jpg, 0, 1, 0, 0
DSC_0820_JPG.rf.f72043e483732d511cd483bcf8e7bf29.jpg, 0, 0, 0, 1
DSC_0871_JPG.rf.f908b31076b0795586a540102ffed515.jpg, 1, 0, 0, 0
Benih_TidakUnggul-1-_jpg.rf.fa1db9410cf1c04c52fec9de7e66ff38.jpg, 0, 1, 0, 0
DSC_0477_JPG.rf.f8ea9fcc9b3779c21400770d4f4fc120.jpg, 1, 0, 0, 0
DSC_0434_JPG.rf.fb1537e7bd1b247298cf476d9271db8a.jpg, 1, 0, 0, 0
Benih_TidakUnggul-7-_jpg.rf.fb2c8ac63827e6d504cd9acb1a1cff4d.jpg, 0, 1, 0, 0
DSC_0372_JPG.rf.faccf9bd760e4cb6205d2dc6139b2674.jpg, 0, 0, 1, 0
DSC_0629_JPG.rf.f9992949669ef8ad223c41984c646dbc.jpg, 0, 0, 0, 1
DSC_0192_JPG.rf.fb853b24ac70624438af38d8329d4408.jpg, 0, 0, 1, 0
Benih_TidakUnggul-83-_jpg.rf.fb888b2dc689239b97416f071e9d62af.jpg, 0, 1, 0, 0
Benih_TidakUnggul-22-_jpg.rf.fae31ab5f91e6f030a47ab1ba8c97031.jpg, 0, 1, 0, 0
Benih_TidakUnggul-34-_jpg.rf.fbf7b3899538c1acc158269b4ff9709b.jpg, 0, 1, 0, 0
Benih_TidakUnggul-5-_jpg.rf.fb9f834127ab49074dea713405add741.jpg, 0, 1, 0, 0
DSC_0409_JPG.rf.fc0bac1bf04e0bf5a3364e97d90fc75e.jpg, 1, 0, 0, 0
DSC_0871_JPG.rf.fc80fd3fb672a25a8080541083264d9c.jpg, 1, 0, 0, 0
DSC_0839_JPG.rf.fd55295d630a8da9c4cbef39b2059379.jpg, 0, 0, 0, 1
DSC_0849_JPG.rf.fde02335a939a23b944626cafcca049d.jpg, 0, 0, 0, 1
DSC_0954_JPG.rf.fd3afbd0a558a72035858ade910ebcd5.jpg, 1, 0, 0, 0
DSC_0446_JPG.rf.fe35f7faa3de95051f9e35fd6860bd36.jpg, 1, 0, 0, 0
DSC_0320_JPG.rf.fe8a45faa73390271f1ba7aef79df0fe.jpg, 0, 0, 1, 0
DSC_0405_JPG.rf.febeef4c22ee5270aee035cd7d48791e.jpg, 1, 0, 0, 0
Benih_TidakUnggul-57-_jpg.rf.feffba795ede5609dd36484d9347f2e2.jpg, 0, 1, 0, 0
DSC_0462_JPG.rf.ff846bc457af3b6c1dcdf352dc654095.jpg, 1, 0, 0, 0
DSC_0323_JPG.rf.ff9efdff55bbcc62a4fe796f20e89a10.jpg, 0, 0, 1, 0
Benih_TidakUnggul-80-_jpg.rf.ff309ac644d6a3bb3d9516fb5ec7a5dd.jpg, 0, 1, 0, 0
DSC_0856_JPG.rf.ffec6a587663a94a7db396854e265658.jpg, 0, 0, 0, 1